"Date","Year","Month","Day","lat","lon","location","model","ssp","Tmin","Tmax"
2015-01-16,2015,1,16,50.9608006310702,7.5,"Bonn","AWI-CM-1-1-MR","ssp126",-13.696,10.862
2015-02-15,2015,2,15,50.9608006310702,7.5,"Bonn","AWI-CM-1-1-MR","ssp126",-3.2364,12.8374
2015-03-16,2015,3,16,50.9608006310702,7.5,"Bonn","AWI-CM-1-1-MR","ssp126",-2.8993,13.5311
2015-04-16,2015,4,16,50.9608006310702,7.5,"Bonn","AWI-CM-1-1-MR","ssp126",0.0531,21.7272
2015-05-16,2015,5,16,50.9608006310702,7.5,"Bonn","AWI-CM-1-1-MR","ssp126",3.9305,22.6927
2015-06-16,2015,6,16,50.9608006310702,7.5,"Bonn","AWI-CM-1-1-MR","ssp126",7.7302,24.7364
2015-07-16,2015,7,16,50.9608006310702,7.5,"Bonn","AWI-CM-1-1-MR","ssp126",9.4927,25.5827
2015-08-16,2015,8,16,50.9608006310702,7.5,"Bonn","AWI-CM-1-1-MR","ssp126",11.5718,28.4569
2015-09-16,2015,9,16,50.9608006310702,7.5,"Bonn","AWI-CM-1-1-MR","ssp126",5.0839,26.7264
2015-10-16,2015,10,16,50.9608006310702,7.5,"Bonn","AWI-CM-1-1-MR","ssp126",-1.2405,21.025
2015-11-16,2015,11,16,50.9608006310702,7.5,"Bonn","AWI-CM-1-1-MR","ssp126",-0.2391,13.2638
2015-12-16,2015,12,16,50.9608006310702,7.5,"Bonn","AWI-CM-1-1-MR","ssp126",-11.1508,9.3752
2016-01-16,2016,1,16,50.9608006310702,7.5,"Bonn","AWI-CM-1-1-MR","ssp126",-9.8821,10.3646
2016-02-15,2016,2,15,50.9608006310702,7.5,"Bonn","AWI-CM-1-1-MR","ssp126",-6.0634,10.3431
2016-03-16,2016,3,16,50.9608006310702,7.5,"Bonn","AWI-CM-1-1-MR","ssp126",-6.1136,14.3567
2016-04-16,2016,4,16,50.9608006310702,7.5,"Bonn","AWI-CM-1-1-MR","ssp126",1.5463,20.1047
2016-05-16,2016,5,16,50.9608006310702,7.5,"Bonn","AWI-CM-1-1-MR","ssp126",2.9976,21.9422
2016-06-16,2016,6,16,50.9608006310702,7.5,"Bonn","AWI-CM-1-1-MR","ssp126",9.4483,27.0433
2016-07-16,2016,7,16,50.9608006310702,7.5,"Bonn","AWI-CM-1-1-MR","ssp126",12.3224,25.0139
2016-08-16,2016,8,16,50.9608006310702,7.5,"Bonn","AWI-CM-1-1-MR","ssp126",7.7838,28.6375
2016-09-16,2016,9,16,50.9608006310702,7.5,"Bonn","AWI-CM-1-1-MR","ssp126",7.2587,25.3786
2016-10-16,2016,10,16,50.9608006310702,7.5,"Bonn","AWI-CM-1-1-MR","ssp126",-0.3666,12.6759
2016-11-16,2016,11,16,50.9608006310702,7.5,"Bonn","AWI-CM-1-1-MR","ssp126",0.5482,12.9141
2016-12-16,2016,12,16,50.9608006310702,7.5,"Bonn","AWI-CM-1-1-MR","ssp126",-4.3684,9.5327
2017-01-16,2017,1,16,50.9608006310702,7.5,"Bonn","AWI-CM-1-1-MR","ssp126",-11.0974,12.2415
2017-02-15,2017,2,15,50.9608006310702,7.5,"Bonn","AWI-CM-1-1-MR","ssp126",-11.8346,8.8865
2017-03-16,2017,3,16,50.9608006310702,7.5,"Bonn","AWI-CM-1-1-MR","ssp126",-3.1595,17.1633
2017-04-16,2017,4,16,50.9608006310702,7.5,"Bonn","AWI-CM-1-1-MR","ssp126",0.3984,23.257
2017-05-16,2017,5,16,50.9608006310702,7.5,"Bonn","AWI-CM-1-1-MR","ssp126",1.189,28.6601
2017-06-16,2017,6,16,50.9608006310702,7.5,"Bonn","AWI-CM-1-1-MR","ssp126",10.0648,27.3277
2017-07-16,2017,7,16,50.9608006310702,7.5,"Bonn","AWI-CM-1-1-MR","ssp126",10.4676,30.8709
2017-08-16,2017,8,16,50.9608006310702,7.5,"Bonn","AWI-CM-1-1-MR","ssp126",12.3617,37.1955
2017-09-16,2017,9,16,50.9608006310702,7.5,"Bonn","AWI-CM-1-1-MR","ssp126",10.7617,31.1119
2017-10-16,2017,10,16,50.9608006310702,7.5,"Bonn","AWI-CM-1-1-MR","ssp126",2.9348,22.7282
2017-11-16,2017,11,16,50.9608006310702,7.5,"Bonn","AWI-CM-1-1-MR","ssp126",0.8899,16.2169
2017-12-16,2017,12,16,50.9608006310702,7.5,"Bonn","AWI-CM-1-1-MR","ssp126",-13.5082,13.5271
2018-01-16,2018,1,16,50.9608006310702,7.5,"Bonn","AWI-CM-1-1-MR","ssp126",-16.254,9.9706
2018-02-15,2018,2,15,50.9608006310702,7.5,"Bonn","AWI-CM-1-1-MR","ssp126",-5.6064,13.5559
2018-03-16,2018,3,16,50.9608006310702,7.5,"Bonn","AWI-CM-1-1-MR","ssp126",-6.9412,14.1014
2018-04-16,2018,4,16,50.9608006310702,7.5,"Bonn","AWI-CM-1-1-MR","ssp126",-3.0899,22.5218
2018-05-16,2018,5,16,50.9608006310702,7.5,"Bonn","AWI-CM-1-1-MR","ssp126",4.9924,19.3695
2018-06-16,2018,6,16,50.9608006310702,7.5,"Bonn","AWI-CM-1-1-MR","ssp126",8.6596,26.8845
2018-07-16,2018,7,16,50.9608006310702,7.5,"Bonn","AWI-CM-1-1-MR","ssp126",12.335,28.8143
2018-08-16,2018,8,16,50.9608006310702,7.5,"Bonn","AWI-CM-1-1-MR","ssp126",10.6232,27.322
2018-09-16,2018,9,16,50.9608006310702,7.5,"Bonn","AWI-CM-1-1-MR","ssp126",5.7891,24.5018
2018-10-16,2018,10,16,50.9608006310702,7.5,"Bonn","AWI-CM-1-1-MR","ssp126",1.9339,19.2071
2018-11-16,2018,11,16,50.9608006310702,7.5,"Bonn","AWI-CM-1-1-MR","ssp126",-3.6506,15.3655
2018-12-16,2018,12,16,50.9608006310702,7.5,"Bonn","AWI-CM-1-1-MR","ssp126",-12.9542,11.1116
2019-01-16,2019,1,16,50.9608006310702,7.5,"Bonn","AWI-CM-1-1-MR","ssp126",-14.0333,6.4008
2019-02-15,2019,2,15,50.9608006310702,7.5,"Bonn","AWI-CM-1-1-MR","ssp126",-8.1287,9.2854
2019-03-16,2019,3,16,50.9608006310702,7.5,"Bonn","AWI-CM-1-1-MR","ssp126",-5.4868,11.8092
2019-04-16,2019,4,16,50.9608006310702,7.5,"Bonn","AWI-CM-1-1-MR","ssp126",-0.0211,19.148
2019-05-16,2019,5,16,50.9608006310702,7.5,"Bonn","AWI-CM-1-1-MR","ssp126",3.637,25.1657
2019-06-16,2019,6,16,50.9608006310702,7.5,"Bonn","AWI-CM-1-1-MR","ssp126",7.2702,25.4666
2019-07-16,2019,7,16,50.9608006310702,7.5,"Bonn","AWI-CM-1-1-MR","ssp126",10.8637,27.6049
2019-08-16,2019,8,16,50.9608006310702,7.5,"Bonn","AWI-CM-1-1-MR","ssp126",11.2619,26.6497
2019-09-16,2019,9,16,50.9608006310702,7.5,"Bonn","AWI-CM-1-1-MR","ssp126",5.4595,22.6354
2019-10-16,2019,10,16,50.9608006310702,7.5,"Bonn","AWI-CM-1-1-MR","ssp126",3.8911,16.0611
2019-11-16,2019,11,16,50.9608006310702,7.5,"Bonn","AWI-CM-1-1-MR","ssp126",-3.9211,13.2135
2019-12-16,2019,12,16,50.9608006310702,7.5,"Bonn","AWI-CM-1-1-MR","ssp126",-6.3146,8.3066
2020-01-16,2020,1,16,50.9608006310702,7.5,"Bonn","AWI-CM-1-1-MR","ssp126",-2.9846,10.6127
2020-02-15,2020,2,15,50.9608006310702,7.5,"Bonn","AWI-CM-1-1-MR","ssp126",-12.8395,9.2206
2020-03-16,2020,3,16,50.9608006310702,7.5,"Bonn","AWI-CM-1-1-MR","ssp126",-3.2705,12.2881
2020-04-16,2020,4,16,50.9608006310702,7.5,"Bonn","AWI-CM-1-1-MR","ssp126",-1.3519,22.0577
2020-05-16,2020,5,16,50.9608006310702,7.5,"Bonn","AWI-CM-1-1-MR","ssp126",2.7319,21.4915
2020-06-16,2020,6,16,50.9608006310702,7.5,"Bonn","AWI-CM-1-1-MR","ssp126",8.1342,27.1451
2020-07-16,2020,7,16,50.9608006310702,7.5,"Bonn","AWI-CM-1-1-MR","ssp126",11.5586,28.8775
2020-08-16,2020,8,16,50.9608006310702,7.5,"Bonn","AWI-CM-1-1-MR","ssp126",11.5163,30.8839
2020-09-16,2020,9,16,50.9608006310702,7.5,"Bonn","AWI-CM-1-1-MR","ssp126",5.89,25.7823
2020-10-16,2020,10,16,50.9608006310702,7.5,"Bonn","AWI-CM-1-1-MR","ssp126",4.3665,20.274
2020-11-16,2020,11,16,50.9608006310702,7.5,"Bonn","AWI-CM-1-1-MR","ssp126",1.9929,16.6713
2020-12-16,2020,12,16,50.9608006310702,7.5,"Bonn","AWI-CM-1-1-MR","ssp126",-2.9767,10.7539
2021-01-16,2021,1,16,50.9608006310702,7.5,"Bonn","AWI-CM-1-1-MR","ssp126",-7.197,12.619
2021-02-15,2021,2,15,50.9608006310702,7.5,"Bonn","AWI-CM-1-1-MR","ssp126",-12.2879,11.8594
2021-03-16,2021,3,16,50.9608006310702,7.5,"Bonn","AWI-CM-1-1-MR","ssp126",-0.4322,16.7906
2021-04-16,2021,4,16,50.9608006310702,7.5,"Bonn","AWI-CM-1-1-MR","ssp126",-3.9318,22.9739
2021-05-16,2021,5,16,50.9608006310702,7.5,"Bonn","AWI-CM-1-1-MR","ssp126",2.8101,23.1898
2021-06-16,2021,6,16,50.9608006310702,7.5,"Bonn","AWI-CM-1-1-MR","ssp126",10.1329,24.7703
2021-07-16,2021,7,16,50.9608006310702,7.5,"Bonn","AWI-CM-1-1-MR","ssp126",10.9844,27.7039
2021-08-16,2021,8,16,50.9608006310702,7.5,"Bonn","AWI-CM-1-1-MR","ssp126",9.4395,26.029
2021-09-16,2021,9,16,50.9608006310702,7.5,"Bonn","AWI-CM-1-1-MR","ssp126",5.9447,26.7782
2021-10-16,2021,10,16,50.9608006310702,7.5,"Bonn","AWI-CM-1-1-MR","ssp126",1.3631,22.5507
2021-11-16,2021,11,16,50.9608006310702,7.5,"Bonn","AWI-CM-1-1-MR","ssp126",0.5698,13.7162
2021-12-16,2021,12,16,50.9608006310702,7.5,"Bonn","AWI-CM-1-1-MR","ssp126",-10.6078,12.7948
2022-01-16,2022,1,16,50.9608006310702,7.5,"Bonn","AWI-CM-1-1-MR","ssp126",-7.9888,12.5653
2022-02-15,2022,2,15,50.9608006310702,7.5,"Bonn","AWI-CM-1-1-MR","ssp126",-13.2111,9.2744
2022-03-16,2022,3,16,50.9608006310702,7.5,"Bonn","AWI-CM-1-1-MR","ssp126",-14.885,11.5965
2022-04-16,2022,4,16,50.9608006310702,7.5,"Bonn","AWI-CM-1-1-MR","ssp126",-5.24,17.4076
2022-05-16,2022,5,16,50.9608006310702,7.5,"Bonn","AWI-CM-1-1-MR","ssp126",2.7203,23.6842
2022-06-16,2022,6,16,50.9608006310702,7.5,"Bonn","AWI-CM-1-1-MR","ssp126",7.1638,22.0208
2022-07-16,2022,7,16,50.9608006310702,7.5,"Bonn","AWI-CM-1-1-MR","ssp126",10.0177,27.9576
2022-08-16,2022,8,16,50.9608006310702,7.5,"Bonn","AWI-CM-1-1-MR","ssp126",13.2381,27.9444
2022-09-16,2022,9,16,50.9608006310702,7.5,"Bonn","AWI-CM-1-1-MR","ssp126",7.6074,27.4437
2022-10-16,2022,10,16,50.9608006310702,7.5,"Bonn","AWI-CM-1-1-MR","ssp126",0.1005,20.347
2022-11-16,2022,11,16,50.9608006310702,7.5,"Bonn","AWI-CM-1-1-MR","ssp126",-2.8761,12.875
2022-12-16,2022,12,16,50.9608006310702,7.5,"Bonn","AWI-CM-1-1-MR","ssp126",-2.6765,9.8936
2023-01-16,2023,1,16,50.9608006310702,7.5,"Bonn","AWI-CM-1-1-MR","ssp126",-10.8642,12.3044
2023-02-15,2023,2,15,50.9608006310702,7.5,"Bonn","AWI-CM-1-1-MR","ssp126",-5.3155,10.2322
2023-03-16,2023,3,16,50.9608006310702,7.5,"Bonn","AWI-CM-1-1-MR","ssp126",-9.0789,12.2178
2023-04-16,2023,4,16,50.9608006310702,7.5,"Bonn","AWI-CM-1-1-MR","ssp126",-0.2066,17.8533
2023-05-16,2023,5,16,50.9608006310702,7.5,"Bonn","AWI-CM-1-1-MR","ssp126",3.9515,23.2602
2023-06-16,2023,6,16,50.9608006310702,7.5,"Bonn","AWI-CM-1-1-MR","ssp126",9.7237,23.0734
2023-07-16,2023,7,16,50.9608006310702,7.5,"Bonn","AWI-CM-1-1-MR","ssp126",11.4615,26.0119
2023-08-16,2023,8,16,50.9608006310702,7.5,"Bonn","AWI-CM-1-1-MR","ssp126",10.3076,25.2973
2023-09-16,2023,9,16,50.9608006310702,7.5,"Bonn","AWI-CM-1-1-MR","ssp126",3.4638,25.06
2023-10-16,2023,10,16,50.9608006310702,7.5,"Bonn","AWI-CM-1-1-MR","ssp126",3.3473,20.6234
2023-11-16,2023,11,16,50.9608006310702,7.5,"Bonn","AWI-CM-1-1-MR","ssp126",3.9827,12.4197
2023-12-16,2023,12,16,50.9608006310702,7.5,"Bonn","AWI-CM-1-1-MR","ssp126",-9.0871,9.6502
2024-01-16,2024,1,16,50.9608006310702,7.5,"Bonn","AWI-CM-1-1-MR","ssp126",-11.1321,12.3368
2024-02-15,2024,2,15,50.9608006310702,7.5,"Bonn","AWI-CM-1-1-MR","ssp126",-2.0445,13.5265
2024-03-16,2024,3,16,50.9608006310702,7.5,"Bonn","AWI-CM-1-1-MR","ssp126",-5.7728,13.2903
2024-04-16,2024,4,16,50.9608006310702,7.5,"Bonn","AWI-CM-1-1-MR","ssp126",-1.1098,15.9091
2024-05-16,2024,5,16,50.9608006310702,7.5,"Bonn","AWI-CM-1-1-MR","ssp126",7.133,25.0841
2024-06-16,2024,6,16,50.9608006310702,7.5,"Bonn","AWI-CM-1-1-MR","ssp126",9.5424,25.3441
2024-07-16,2024,7,16,50.9608006310702,7.5,"Bonn","AWI-CM-1-1-MR","ssp126",10.8145,28.0862
2024-08-16,2024,8,16,50.9608006310702,7.5,"Bonn","AWI-CM-1-1-MR","ssp126",11.1201,33.2356
2024-09-16,2024,9,16,50.9608006310702,7.5,"Bonn","AWI-CM-1-1-MR","ssp126",8.1149,29.8625
2024-10-16,2024,10,16,50.9608006310702,7.5,"Bonn","AWI-CM-1-1-MR","ssp126",2.1951,30.385
2024-11-16,2024,11,16,50.9608006310702,7.5,"Bonn","AWI-CM-1-1-MR","ssp126",-2.1539,14.8159
2024-12-16,2024,12,16,50.9608006310702,7.5,"Bonn","AWI-CM-1-1-MR","ssp126",-14.7744,8.0363
2025-01-16,2025,1,16,50.9608006310702,7.5,"Bonn","AWI-CM-1-1-MR","ssp126",-8.743,10.1517
2025-02-15,2025,2,15,50.9608006310702,7.5,"Bonn","AWI-CM-1-1-MR","ssp126",-5.078,10.1177
2025-03-16,2025,3,16,50.9608006310702,7.5,"Bonn","AWI-CM-1-1-MR","ssp126",-0.3627,13.868
2025-04-16,2025,4,16,50.9608006310702,7.5,"Bonn","AWI-CM-1-1-MR","ssp126",0.9357,17.513
2025-05-16,2025,5,16,50.9608006310702,7.5,"Bonn","AWI-CM-1-1-MR","ssp126",4.5561,25.5464
2025-06-16,2025,6,16,50.9608006310702,7.5,"Bonn","AWI-CM-1-1-MR","ssp126",10.4277,28.4294
2025-07-16,2025,7,16,50.9608006310702,7.5,"Bonn","AWI-CM-1-1-MR","ssp126",11.5772,30.0399
2025-08-16,2025,8,16,50.9608006310702,7.5,"Bonn","AWI-CM-1-1-MR","ssp126",10.9795,31.867
2025-09-16,2025,9,16,50.9608006310702,7.5,"Bonn","AWI-CM-1-1-MR","ssp126",8.6352,31.9906
2025-10-16,2025,10,16,50.9608006310702,7.5,"Bonn","AWI-CM-1-1-MR","ssp126",0.4149,23.5274
2025-11-16,2025,11,16,50.9608006310702,7.5,"Bonn","AWI-CM-1-1-MR","ssp126",-8.8669,10.3994
2025-12-16,2025,12,16,50.9608006310702,7.5,"Bonn","AWI-CM-1-1-MR","ssp126",-7.4476,9.68
2026-01-16,2026,1,16,50.9608006310702,7.5,"Bonn","AWI-CM-1-1-MR","ssp126",-10.6959,9.0628
2026-02-15,2026,2,15,50.9608006310702,7.5,"Bonn","AWI-CM-1-1-MR","ssp126",-4.4075,9.5518
2026-03-16,2026,3,16,50.9608006310702,7.5,"Bonn","AWI-CM-1-1-MR","ssp126",-6.0526,15.1854
2026-04-16,2026,4,16,50.9608006310702,7.5,"Bonn","AWI-CM-1-1-MR","ssp126",-0.628,14.4739
2026-05-16,2026,5,16,50.9608006310702,7.5,"Bonn","AWI-CM-1-1-MR","ssp126",3.2999,26.1686
2026-06-16,2026,6,16,50.9608006310702,7.5,"Bonn","AWI-CM-1-1-MR","ssp126",9.116,23.8802
2026-07-16,2026,7,16,50.9608006310702,7.5,"Bonn","AWI-CM-1-1-MR","ssp126",11.1721,27.4789
2026-08-16,2026,8,16,50.9608006310702,7.5,"Bonn","AWI-CM-1-1-MR","ssp126",10.3281,28.1453
2026-09-16,2026,9,16,50.9608006310702,7.5,"Bonn","AWI-CM-1-1-MR","ssp126",7.3379,25.6299
2026-10-16,2026,10,16,50.9608006310702,7.5,"Bonn","AWI-CM-1-1-MR","ssp126",4.6478,23.4133
2026-11-16,2026,11,16,50.9608006310702,7.5,"Bonn","AWI-CM-1-1-MR","ssp126",3.2139,13.32
2026-12-16,2026,12,16,50.9608006310702,7.5,"Bonn","AWI-CM-1-1-MR","ssp126",-3.3736,11.0441
2027-01-16,2027,1,16,50.9608006310702,7.5,"Bonn","AWI-CM-1-1-MR","ssp126",-5.8846,10.1742
2027-02-15,2027,2,15,50.9608006310702,7.5,"Bonn","AWI-CM-1-1-MR","ssp126",-10.146,6.802
2027-03-16,2027,3,16,50.9608006310702,7.5,"Bonn","AWI-CM-1-1-MR","ssp126",-6.3819,11.1644
2027-04-16,2027,4,16,50.9608006310702,7.5,"Bonn","AWI-CM-1-1-MR","ssp126",-3.7653,15.9258
2027-05-16,2027,5,16,50.9608006310702,7.5,"Bonn","AWI-CM-1-1-MR","ssp126",4.8841,21.1785
2027-06-16,2027,6,16,50.9608006310702,7.5,"Bonn","AWI-CM-1-1-MR","ssp126",9.8474,24.6173
2027-07-16,2027,7,16,50.9608006310702,7.5,"Bonn","AWI-CM-1-1-MR","ssp126",12.2506,27.4399
2027-08-16,2027,8,16,50.9608006310702,7.5,"Bonn","AWI-CM-1-1-MR","ssp126",13.4266,28.6323
2027-09-16,2027,9,16,50.9608006310702,7.5,"Bonn","AWI-CM-1-1-MR","ssp126",9.7267,26.0126
2027-10-16,2027,10,16,50.9608006310702,7.5,"Bonn","AWI-CM-1-1-MR","ssp126",4.2275,22.0748
2027-11-16,2027,11,16,50.9608006310702,7.5,"Bonn","AWI-CM-1-1-MR","ssp126",-2.9243,13.1476
2027-12-16,2027,12,16,50.9608006310702,7.5,"Bonn","AWI-CM-1-1-MR","ssp126",-11.0091,11.7555
2028-01-16,2028,1,16,50.9608006310702,7.5,"Bonn","AWI-CM-1-1-MR","ssp126",-9.134,8.8757
2028-02-15,2028,2,15,50.9608006310702,7.5,"Bonn","AWI-CM-1-1-MR","ssp126",-10.6399,8.4141
2028-03-16,2028,3,16,50.9608006310702,7.5,"Bonn","AWI-CM-1-1-MR","ssp126",-2.1331,14.1432
2028-04-16,2028,4,16,50.9608006310702,7.5,"Bonn","AWI-CM-1-1-MR","ssp126",-2.5589,21.7358
2028-05-16,2028,5,16,50.9608006310702,7.5,"Bonn","AWI-CM-1-1-MR","ssp126",2.9388,24.3157
2028-06-16,2028,6,16,50.9608006310702,7.5,"Bonn","AWI-CM-1-1-MR","ssp126",8.3435,26.2346
2028-07-16,2028,7,16,50.9608006310702,7.5,"Bonn","AWI-CM-1-1-MR","ssp126",10.6303,28.6524
2028-08-16,2028,8,16,50.9608006310702,7.5,"Bonn","AWI-CM-1-1-MR","ssp126",10.9533,30.1658
2028-09-16,2028,9,16,50.9608006310702,7.5,"Bonn","AWI-CM-1-1-MR","ssp126",7.9894,26.0404
2028-10-16,2028,10,16,50.9608006310702,7.5,"Bonn","AWI-CM-1-1-MR","ssp126",4.3807,25.074
2028-11-16,2028,11,16,50.9608006310702,7.5,"Bonn","AWI-CM-1-1-MR","ssp126",-2.4732,14.1971
2028-12-16,2028,12,16,50.9608006310702,7.5,"Bonn","AWI-CM-1-1-MR","ssp126",-5.9883,9.9875
2029-01-16,2029,1,16,50.9608006310702,7.5,"Bonn","AWI-CM-1-1-MR","ssp126",-10.4767,9.9385
2029-02-15,2029,2,15,50.9608006310702,7.5,"Bonn","AWI-CM-1-1-MR","ssp126",-5.245,11.7139
2029-03-16,2029,3,16,50.9608006310702,7.5,"Bonn","AWI-CM-1-1-MR","ssp126",-6.2358,14.6176
2029-04-16,2029,4,16,50.9608006310702,7.5,"Bonn","AWI-CM-1-1-MR","ssp126",-2.4097,20.9467
2029-05-16,2029,5,16,50.9608006310702,7.5,"Bonn","AWI-CM-1-1-MR","ssp126",5.8748,26.3054
2029-06-16,2029,6,16,50.9608006310702,7.5,"Bonn","AWI-CM-1-1-MR","ssp126",6.606,27.9465
2029-07-16,2029,7,16,50.9608006310702,7.5,"Bonn","AWI-CM-1-1-MR","ssp126",11.3774,27.927
2029-08-16,2029,8,16,50.9608006310702,7.5,"Bonn","AWI-CM-1-1-MR","ssp126",9.6107,30.3572
2029-09-16,2029,9,16,50.9608006310702,7.5,"Bonn","AWI-CM-1-1-MR","ssp126",5.4246,27.4585
2029-10-16,2029,10,16,50.9608006310702,7.5,"Bonn","AWI-CM-1-1-MR","ssp126",5.6075,19.2958
2029-11-16,2029,11,16,50.9608006310702,7.5,"Bonn","AWI-CM-1-1-MR","ssp126",-5.2555,13.7274
2029-12-16,2029,12,16,50.9608006310702,7.5,"Bonn","AWI-CM-1-1-MR","ssp126",-1.4859,13.2366
2030-01-16,2030,1,16,50.9608006310702,7.5,"Bonn","AWI-CM-1-1-MR","ssp126",-10.2602,8.6583
2030-02-15,2030,2,15,50.9608006310702,7.5,"Bonn","AWI-CM-1-1-MR","ssp126",-4.3624,11.4076
2030-03-16,2030,3,16,50.9608006310702,7.5,"Bonn","AWI-CM-1-1-MR","ssp126",-2.2502,19.8842
2030-04-16,2030,4,16,50.9608006310702,7.5,"Bonn","AWI-CM-1-1-MR","ssp126",-2.3379,18.8359
2030-05-16,2030,5,16,50.9608006310702,7.5,"Bonn","AWI-CM-1-1-MR","ssp126",2.3244,23.9916
2030-06-16,2030,6,16,50.9608006310702,7.5,"Bonn","AWI-CM-1-1-MR","ssp126",9.3069,25.7255
2030-07-16,2030,7,16,50.9608006310702,7.5,"Bonn","AWI-CM-1-1-MR","ssp126",11.9651,26.8541
2030-08-16,2030,8,16,50.9608006310702,7.5,"Bonn","AWI-CM-1-1-MR","ssp126",11.5349,30.5798
2030-09-16,2030,9,16,50.9608006310702,7.5,"Bonn","AWI-CM-1-1-MR","ssp126",6.4412,23.9829
2030-10-16,2030,10,16,50.9608006310702,7.5,"Bonn","AWI-CM-1-1-MR","ssp126",-3.7757,19.2412
2030-11-16,2030,11,16,50.9608006310702,7.5,"Bonn","AWI-CM-1-1-MR","ssp126",-9.4165,13.7256
2030-12-16,2030,12,16,50.9608006310702,7.5,"Bonn","AWI-CM-1-1-MR","ssp126",-3.7131,12.2316
2031-01-16,2031,1,16,50.9608006310702,7.5,"Bonn","AWI-CM-1-1-MR","ssp126",-6.2782,10.8912
2031-02-15,2031,2,15,50.9608006310702,7.5,"Bonn","AWI-CM-1-1-MR","ssp126",-6.7523,9.2741
2031-03-16,2031,3,16,50.9608006310702,7.5,"Bonn","AWI-CM-1-1-MR","ssp126",-1.646,13.5038
2031-04-16,2031,4,16,50.9608006310702,7.5,"Bonn","AWI-CM-1-1-MR","ssp126",-0.0087,18.1963
2031-05-16,2031,5,16,50.9608006310702,7.5,"Bonn","AWI-CM-1-1-MR","ssp126",1.0582,23.8731
2031-06-16,2031,6,16,50.9608006310702,7.5,"Bonn","AWI-CM-1-1-MR","ssp126",10.9344,23.8045
2031-07-16,2031,7,16,50.9608006310702,7.5,"Bonn","AWI-CM-1-1-MR","ssp126",10.6091,29.1355
2031-08-16,2031,8,16,50.9608006310702,7.5,"Bonn","AWI-CM-1-1-MR","ssp126",9.1196,29.1158
2031-09-16,2031,9,16,50.9608006310702,7.5,"Bonn","AWI-CM-1-1-MR","ssp126",6.1697,30.4278
2031-10-16,2031,10,16,50.9608006310702,7.5,"Bonn","AWI-CM-1-1-MR","ssp126",6.4157,23.7223
2031-11-16,2031,11,16,50.9608006310702,7.5,"Bonn","AWI-CM-1-1-MR","ssp126",1.4864,14.1952
2031-12-16,2031,12,16,50.9608006310702,7.5,"Bonn","AWI-CM-1-1-MR","ssp126",-6.3556,11.8866
2032-01-16,2032,1,16,50.9608006310702,7.5,"Bonn","AWI-CM-1-1-MR","ssp126",-10.3084,10.6594
2032-02-15,2032,2,15,50.9608006310702,7.5,"Bonn","AWI-CM-1-1-MR","ssp126",-12.3403,11.9423
2032-03-16,2032,3,16,50.9608006310702,7.5,"Bonn","AWI-CM-1-1-MR","ssp126",-7.4833,15.9559
2032-04-16,2032,4,16,50.9608006310702,7.5,"Bonn","AWI-CM-1-1-MR","ssp126",1.2209,19.1282
2032-05-16,2032,5,16,50.9608006310702,7.5,"Bonn","AWI-CM-1-1-MR","ssp126",5.7185,24.7966
2032-06-16,2032,6,16,50.9608006310702,7.5,"Bonn","AWI-CM-1-1-MR","ssp126",7.3527,24.4813
2032-07-16,2032,7,16,50.9608006310702,7.5,"Bonn","AWI-CM-1-1-MR","ssp126",11.8739,27.1651
2032-08-16,2032,8,16,50.9608006310702,7.5,"Bonn","AWI-CM-1-1-MR","ssp126",11.6989,26.1583
2032-09-16,2032,9,16,50.9608006310702,7.5,"Bonn","AWI-CM-1-1-MR","ssp126",7.0411,25.0852
2032-10-16,2032,10,16,50.9608006310702,7.5,"Bonn","AWI-CM-1-1-MR","ssp126",2.545,21.3402
2032-11-16,2032,11,16,50.9608006310702,7.5,"Bonn","AWI-CM-1-1-MR","ssp126",-6.2513,12.8993
2032-12-16,2032,12,16,50.9608006310702,7.5,"Bonn","AWI-CM-1-1-MR","ssp126",-2.6621,12.1942
2033-01-16,2033,1,16,50.9608006310702,7.5,"Bonn","AWI-CM-1-1-MR","ssp126",-4.1434,12.5429
2033-02-15,2033,2,15,50.9608006310702,7.5,"Bonn","AWI-CM-1-1-MR","ssp126",-7.4685,12.7523
2033-03-16,2033,3,16,50.9608006310702,7.5,"Bonn","AWI-CM-1-1-MR","ssp126",-5.5821,14.237
2033-04-16,2033,4,16,50.9608006310702,7.5,"Bonn","AWI-CM-1-1-MR","ssp126",-0.4471,19.0757
2033-05-16,2033,5,16,50.9608006310702,7.5,"Bonn","AWI-CM-1-1-MR","ssp126",2.1797,27.2055
2033-06-16,2033,6,16,50.9608006310702,7.5,"Bonn","AWI-CM-1-1-MR","ssp126",12.1665,26.2115
2033-07-16,2033,7,16,50.9608006310702,7.5,"Bonn","AWI-CM-1-1-MR","ssp126",11.0092,28.1464
2033-08-16,2033,8,16,50.9608006310702,7.5,"Bonn","AWI-CM-1-1-MR","ssp126",8.7327,26.7474
2033-09-16,2033,9,16,50.9608006310702,7.5,"Bonn","AWI-CM-1-1-MR","ssp126",6.1735,28.3484
2033-10-16,2033,10,16,50.9608006310702,7.5,"Bonn","AWI-CM-1-1-MR","ssp126",2.8053,18.4776
2033-11-16,2033,11,16,50.9608006310702,7.5,"Bonn","AWI-CM-1-1-MR","ssp126",-1.3591,15.0392
2033-12-16,2033,12,16,50.9608006310702,7.5,"Bonn","AWI-CM-1-1-MR","ssp126",-8.8347,12.1396
2034-01-16,2034,1,16,50.9608006310702,7.5,"Bonn","AWI-CM-1-1-MR","ssp126",-15.7239,5.8995
2034-02-15,2034,2,15,50.9608006310702,7.5,"Bonn","AWI-CM-1-1-MR","ssp126",-9.8913,10.4812
2034-03-16,2034,3,16,50.9608006310702,7.5,"Bonn","AWI-CM-1-1-MR","ssp126",-7.2133,13.8556
2034-04-16,2034,4,16,50.9608006310702,7.5,"Bonn","AWI-CM-1-1-MR","ssp126",-0.8333,19.7049
2034-05-16,2034,5,16,50.9608006310702,7.5,"Bonn","AWI-CM-1-1-MR","ssp126",-1.0395,23.7572
2034-06-16,2034,6,16,50.9608006310702,7.5,"Bonn","AWI-CM-1-1-MR","ssp126",9.137,27.5182
2034-07-16,2034,7,16,50.9608006310702,7.5,"Bonn","AWI-CM-1-1-MR","ssp126",11.8002,29.5278
2034-08-16,2034,8,16,50.9608006310702,7.5,"Bonn","AWI-CM-1-1-MR","ssp126",12.2883,28.0456
2034-09-16,2034,9,16,50.9608006310702,7.5,"Bonn","AWI-CM-1-1-MR","ssp126",5.133,26.5779
2034-10-16,2034,10,16,50.9608006310702,7.5,"Bonn","AWI-CM-1-1-MR","ssp126",2.0526,18.1245
2034-11-16,2034,11,16,50.9608006310702,7.5,"Bonn","AWI-CM-1-1-MR","ssp126",-0.9642,14.5345
2034-12-16,2034,12,16,50.9608006310702,7.5,"Bonn","AWI-CM-1-1-MR","ssp126",-8.3766,8.74
2035-01-16,2035,1,16,50.9608006310702,7.5,"Bonn","AWI-CM-1-1-MR","ssp126",-12.5441,8.3929
2035-02-15,2035,2,15,50.9608006310702,7.5,"Bonn","AWI-CM-1-1-MR","ssp126",-2.1916,11.2555
2035-03-16,2035,3,16,50.9608006310702,7.5,"Bonn","AWI-CM-1-1-MR","ssp126",-4.3459,11.5742
2035-04-16,2035,4,16,50.9608006310702,7.5,"Bonn","AWI-CM-1-1-MR","ssp126",1.6397,20.6158
2035-05-16,2035,5,16,50.9608006310702,7.5,"Bonn","AWI-CM-1-1-MR","ssp126",8.4556,23.3151
2035-06-16,2035,6,16,50.9608006310702,7.5,"Bonn","AWI-CM-1-1-MR","ssp126",8.1871,24.34
2035-07-16,2035,7,16,50.9608006310702,7.5,"Bonn","AWI-CM-1-1-MR","ssp126",11.1609,29.0584
2035-08-16,2035,8,16,50.9608006310702,7.5,"Bonn","AWI-CM-1-1-MR","ssp126",11.5232,24.4794
2035-09-16,2035,9,16,50.9608006310702,7.5,"Bonn","AWI-CM-1-1-MR","ssp126",6.8151,21.4546
2035-10-16,2035,10,16,50.9608006310702,7.5,"Bonn","AWI-CM-1-1-MR","ssp126",3.6326,21.0037
2035-11-16,2035,11,16,50.9608006310702,7.5,"Bonn","AWI-CM-1-1-MR","ssp126",-4.4079,10.8434
2035-12-16,2035,12,16,50.9608006310702,7.5,"Bonn","AWI-CM-1-1-MR","ssp126",-10.5049,10.5159
2036-01-16,2036,1,16,50.9608006310702,7.5,"Bonn","AWI-CM-1-1-MR","ssp126",-10.8765,13.0273
2036-02-15,2036,2,15,50.9608006310702,7.5,"Bonn","AWI-CM-1-1-MR","ssp126",-11.146,10.0987
2036-03-16,2036,3,16,50.9608006310702,7.5,"Bonn","AWI-CM-1-1-MR","ssp126",-1.6227,18.18
2036-04-16,2036,4,16,50.9608006310702,7.5,"Bonn","AWI-CM-1-1-MR","ssp126",-2.4604,11.8915
2036-05-16,2036,5,16,50.9608006310702,7.5,"Bonn","AWI-CM-1-1-MR","ssp126",5.0789,21.0748
2036-06-16,2036,6,16,50.9608006310702,7.5,"Bonn","AWI-CM-1-1-MR","ssp126",9.5955,26.66
2036-07-16,2036,7,16,50.9608006310702,7.5,"Bonn","AWI-CM-1-1-MR","ssp126",11.6803,27.6795
2036-08-16,2036,8,16,50.9608006310702,7.5,"Bonn","AWI-CM-1-1-MR","ssp126",12.4887,30.7173
2036-09-16,2036,9,16,50.9608006310702,7.5,"Bonn","AWI-CM-1-1-MR","ssp126",7.7862,25.788
2036-10-16,2036,10,16,50.9608006310702,7.5,"Bonn","AWI-CM-1-1-MR","ssp126",3.1673,21.3002
2036-11-16,2036,11,16,50.9608006310702,7.5,"Bonn","AWI-CM-1-1-MR","ssp126",-1.0808,13.7164
2036-12-16,2036,12,16,50.9608006310702,7.5,"Bonn","AWI-CM-1-1-MR","ssp126",-0.193,12.2245
2037-01-16,2037,1,16,50.9608006310702,7.5,"Bonn","AWI-CM-1-1-MR","ssp126",1.9787,12.0133
2037-02-15,2037,2,15,50.9608006310702,7.5,"Bonn","AWI-CM-1-1-MR","ssp126",-3.8497,11.7788
2037-03-16,2037,3,16,50.9608006310702,7.5,"Bonn","AWI-CM-1-1-MR","ssp126",-3.6817,12.4038
2037-04-16,2037,4,16,50.9608006310702,7.5,"Bonn","AWI-CM-1-1-MR","ssp126",-5.2007,19.5402
2037-05-16,2037,5,16,50.9608006310702,7.5,"Bonn","AWI-CM-1-1-MR","ssp126",2.6113,26.1039
2037-06-16,2037,6,16,50.9608006310702,7.5,"Bonn","AWI-CM-1-1-MR","ssp126",9.5813,28.7363
2037-07-16,2037,7,16,50.9608006310702,7.5,"Bonn","AWI-CM-1-1-MR","ssp126",12.0866,25.9141
2037-08-16,2037,8,16,50.9608006310702,7.5,"Bonn","AWI-CM-1-1-MR","ssp126",8.5644,27.5646
2037-09-16,2037,9,16,50.9608006310702,7.5,"Bonn","AWI-CM-1-1-MR","ssp126",7.6668,32.4569
2037-10-16,2037,10,16,50.9608006310702,7.5,"Bonn","AWI-CM-1-1-MR","ssp126",-0.2765,17.7488
2037-11-16,2037,11,16,50.9608006310702,7.5,"Bonn","AWI-CM-1-1-MR","ssp126",-4.8714,14.7109
2037-12-16,2037,12,16,50.9608006310702,7.5,"Bonn","AWI-CM-1-1-MR","ssp126",-3.7816,13.2624
2038-01-16,2038,1,16,50.9608006310702,7.5,"Bonn","AWI-CM-1-1-MR","ssp126",-2.1193,10.3323
2038-02-15,2038,2,15,50.9608006310702,7.5,"Bonn","AWI-CM-1-1-MR","ssp126",-6.0331,11.7788
2038-03-16,2038,3,16,50.9608006310702,7.5,"Bonn","AWI-CM-1-1-MR","ssp126",-7.1129,21.5373
2038-04-16,2038,4,16,50.9608006310702,7.5,"Bonn","AWI-CM-1-1-MR","ssp126",0.4712,20.7739
2038-05-16,2038,5,16,50.9608006310702,7.5,"Bonn","AWI-CM-1-1-MR","ssp126",2.4282,22.0436
2038-06-16,2038,6,16,50.9608006310702,7.5,"Bonn","AWI-CM-1-1-MR","ssp126",10.1038,25.0895
2038-07-16,2038,7,16,50.9608006310702,7.5,"Bonn","AWI-CM-1-1-MR","ssp126",11.0298,26.2667
2038-08-16,2038,8,16,50.9608006310702,7.5,"Bonn","AWI-CM-1-1-MR","ssp126",13.4545,32.1782
2038-09-16,2038,9,16,50.9608006310702,7.5,"Bonn","AWI-CM-1-1-MR","ssp126",7.6425,25.9714
2038-10-16,2038,10,16,50.9608006310702,7.5,"Bonn","AWI-CM-1-1-MR","ssp126",0.1067,18.8022
2038-11-16,2038,11,16,50.9608006310702,7.5,"Bonn","AWI-CM-1-1-MR","ssp126",-3.2011,14.2845
2038-12-16,2038,12,16,50.9608006310702,7.5,"Bonn","AWI-CM-1-1-MR","ssp126",-5.5907,12.7479
2039-01-16,2039,1,16,50.9608006310702,7.5,"Bonn","AWI-CM-1-1-MR","ssp126",-6.802,10.3745
2039-02-15,2039,2,15,50.9608006310702,7.5,"Bonn","AWI-CM-1-1-MR","ssp126",-5.8437,11.5922
2039-03-16,2039,3,16,50.9608006310702,7.5,"Bonn","AWI-CM-1-1-MR","ssp126",-2.9648,11.483
2039-04-16,2039,4,16,50.9608006310702,7.5,"Bonn","AWI-CM-1-1-MR","ssp126",1.2336,15.5537
2039-05-16,2039,5,16,50.9608006310702,7.5,"Bonn","AWI-CM-1-1-MR","ssp126",5.3192,19.9343
2039-06-16,2039,6,16,50.9608006310702,7.5,"Bonn","AWI-CM-1-1-MR","ssp126",6.143,27.514
2039-07-16,2039,7,16,50.9608006310702,7.5,"Bonn","AWI-CM-1-1-MR","ssp126",11.4832,24.2075
2039-08-16,2039,8,16,50.9608006310702,7.5,"Bonn","AWI-CM-1-1-MR","ssp126",11.6373,26.8213
2039-09-16,2039,9,16,50.9608006310702,7.5,"Bonn","AWI-CM-1-1-MR","ssp126",9.4804,20.9698
2039-10-16,2039,10,16,50.9608006310702,7.5,"Bonn","AWI-CM-1-1-MR","ssp126",7.3423,22.9947
2039-11-16,2039,11,16,50.9608006310702,7.5,"Bonn","AWI-CM-1-1-MR","ssp126",-2.1899,15.0081
2039-12-16,2039,12,16,50.9608006310702,7.5,"Bonn","AWI-CM-1-1-MR","ssp126",-6.1642,12.0784
2040-01-16,2040,1,16,50.9608006310702,7.5,"Bonn","AWI-CM-1-1-MR","ssp126",-12.4143,12.3793
2040-02-15,2040,2,15,50.9608006310702,7.5,"Bonn","AWI-CM-1-1-MR","ssp126",-12.1527,10.9781
2040-03-16,2040,3,16,50.9608006310702,7.5,"Bonn","AWI-CM-1-1-MR","ssp126",-5.6878,13.1609
2040-04-16,2040,4,16,50.9608006310702,7.5,"Bonn","AWI-CM-1-1-MR","ssp126",-0.3383,23.6912
2040-05-16,2040,5,16,50.9608006310702,7.5,"Bonn","AWI-CM-1-1-MR","ssp126",4.2382,26.3325
2040-06-16,2040,6,16,50.9608006310702,7.5,"Bonn","AWI-CM-1-1-MR","ssp126",6.9016,29.0594
2040-07-16,2040,7,16,50.9608006310702,7.5,"Bonn","AWI-CM-1-1-MR","ssp126",11.8505,25.6056
2040-08-16,2040,8,16,50.9608006310702,7.5,"Bonn","AWI-CM-1-1-MR","ssp126",11.3173,29.3951
2040-09-16,2040,9,16,50.9608006310702,7.5,"Bonn","AWI-CM-1-1-MR","ssp126",9.488,26.6045
2040-10-16,2040,10,16,50.9608006310702,7.5,"Bonn","AWI-CM-1-1-MR","ssp126",4.1776,25.8684
2040-11-16,2040,11,16,50.9608006310702,7.5,"Bonn","AWI-CM-1-1-MR","ssp126",-3.8774,16.3347
2040-12-16,2040,12,16,50.9608006310702,7.5,"Bonn","AWI-CM-1-1-MR","ssp126",-7.8608,9.1847
2041-01-16,2041,1,16,50.9608006310702,7.5,"Bonn","AWI-CM-1-1-MR","ssp126",-11.0856,10.9357
2041-02-15,2041,2,15,50.9608006310702,7.5,"Bonn","AWI-CM-1-1-MR","ssp126",-8.4316,11.945
2041-03-16,2041,3,16,50.9608006310702,7.5,"Bonn","AWI-CM-1-1-MR","ssp126",0.5732,13.7555
2041-04-16,2041,4,16,50.9608006310702,7.5,"Bonn","AWI-CM-1-1-MR","ssp126",-0.2367,19.379
2041-05-16,2041,5,16,50.9608006310702,7.5,"Bonn","AWI-CM-1-1-MR","ssp126",0.9585,23.7102
2041-06-16,2041,6,16,50.9608006310702,7.5,"Bonn","AWI-CM-1-1-MR","ssp126",6.8851,28.1215
2041-07-16,2041,7,16,50.9608006310702,7.5,"Bonn","AWI-CM-1-1-MR","ssp126",10.7622,28.0486
2041-08-16,2041,8,16,50.9608006310702,7.5,"Bonn","AWI-CM-1-1-MR","ssp126",8.3635,30.2536
2041-09-16,2041,9,16,50.9608006310702,7.5,"Bonn","AWI-CM-1-1-MR","ssp126",6.6406,27.2181
2041-10-16,2041,10,16,50.9608006310702,7.5,"Bonn","AWI-CM-1-1-MR","ssp126",1.8606,20.598
2041-11-16,2041,11,16,50.9608006310702,7.5,"Bonn","AWI-CM-1-1-MR","ssp126",-4.5019,15.9087
2041-12-16,2041,12,16,50.9608006310702,7.5,"Bonn","AWI-CM-1-1-MR","ssp126",-7.5691,12.1352
2042-01-16,2042,1,16,50.9608006310702,7.5,"Bonn","AWI-CM-1-1-MR","ssp126",-10.241,5.4925
2042-02-15,2042,2,15,50.9608006310702,7.5,"Bonn","AWI-CM-1-1-MR","ssp126",-10.196,11.3699
2042-03-16,2042,3,16,50.9608006310702,7.5,"Bonn","AWI-CM-1-1-MR","ssp126",-5.8446,16.7136
2042-04-16,2042,4,16,50.9608006310702,7.5,"Bonn","AWI-CM-1-1-MR","ssp126",-0.4197,19.7395
2042-05-16,2042,5,16,50.9608006310702,7.5,"Bonn","AWI-CM-1-1-MR","ssp126",4.3367,25.1738
2042-06-16,2042,6,16,50.9608006310702,7.5,"Bonn","AWI-CM-1-1-MR","ssp126",8.7471,26.3207
2042-07-16,2042,7,16,50.9608006310702,7.5,"Bonn","AWI-CM-1-1-MR","ssp126",12.4596,27.49
2042-08-16,2042,8,16,50.9608006310702,7.5,"Bonn","AWI-CM-1-1-MR","ssp126",11.6935,28.7757
2042-09-16,2042,9,16,50.9608006310702,7.5,"Bonn","AWI-CM-1-1-MR","ssp126",7.6555,25.2465
2042-10-16,2042,10,16,50.9608006310702,7.5,"Bonn","AWI-CM-1-1-MR","ssp126",-2.3365,21.0743
2042-11-16,2042,11,16,50.9608006310702,7.5,"Bonn","AWI-CM-1-1-MR","ssp126",-4.2472,13.264
2042-12-16,2042,12,16,50.9608006310702,7.5,"Bonn","AWI-CM-1-1-MR","ssp126",-6.6927,12.5618
2043-01-16,2043,1,16,50.9608006310702,7.5,"Bonn","AWI-CM-1-1-MR","ssp126",-8.8863,13.2783
2043-02-15,2043,2,15,50.9608006310702,7.5,"Bonn","AWI-CM-1-1-MR","ssp126",-6.8067,10.6615
2043-03-16,2043,3,16,50.9608006310702,7.5,"Bonn","AWI-CM-1-1-MR","ssp126",-5.5691,10.8781
2043-04-16,2043,4,16,50.9608006310702,7.5,"Bonn","AWI-CM-1-1-MR","ssp126",-1.8458,14.6681
2043-05-16,2043,5,16,50.9608006310702,7.5,"Bonn","AWI-CM-1-1-MR","ssp126",1.9869,20.0085
2043-06-16,2043,6,16,50.9608006310702,7.5,"Bonn","AWI-CM-1-1-MR","ssp126",6.2306,27.5062
2043-07-16,2043,7,16,50.9608006310702,7.5,"Bonn","AWI-CM-1-1-MR","ssp126",12.3026,29.4327
2043-08-16,2043,8,16,50.9608006310702,7.5,"Bonn","AWI-CM-1-1-MR","ssp126",10.6649,27.8023
2043-09-16,2043,9,16,50.9608006310702,7.5,"Bonn","AWI-CM-1-1-MR","ssp126",4.4882,26.4581
2043-10-16,2043,10,16,50.9608006310702,7.5,"Bonn","AWI-CM-1-1-MR","ssp126",2.4539,19.0296
2043-11-16,2043,11,16,50.9608006310702,7.5,"Bonn","AWI-CM-1-1-MR","ssp126",-1.9481,14.1707
2043-12-16,2043,12,16,50.9608006310702,7.5,"Bonn","AWI-CM-1-1-MR","ssp126",-4.5462,11.2859
2044-01-16,2044,1,16,50.9608006310702,7.5,"Bonn","AWI-CM-1-1-MR","ssp126",-5.7521,10.2931
2044-02-15,2044,2,15,50.9608006310702,7.5,"Bonn","AWI-CM-1-1-MR","ssp126",-4.299,9.5135
2044-03-16,2044,3,16,50.9608006310702,7.5,"Bonn","AWI-CM-1-1-MR","ssp126",-2.8355,12.2219
2044-04-16,2044,4,16,50.9608006310702,7.5,"Bonn","AWI-CM-1-1-MR","ssp126",-2.389,15.1599
2044-05-16,2044,5,16,50.9608006310702,7.5,"Bonn","AWI-CM-1-1-MR","ssp126",0.8241,15.9765
2044-06-16,2044,6,16,50.9608006310702,7.5,"Bonn","AWI-CM-1-1-MR","ssp126",2.1473,23.6957
2044-07-16,2044,7,16,50.9608006310702,7.5,"Bonn","AWI-CM-1-1-MR","ssp126",10.139,26.7484
2044-08-16,2044,8,16,50.9608006310702,7.5,"Bonn","AWI-CM-1-1-MR","ssp126",9.4745,25.8078
2044-09-16,2044,9,16,50.9608006310702,7.5,"Bonn","AWI-CM-1-1-MR","ssp126",7.9048,24.6604
2044-10-16,2044,10,16,50.9608006310702,7.5,"Bonn","AWI-CM-1-1-MR","ssp126",3.8423,20.6112
2044-11-16,2044,11,16,50.9608006310702,7.5,"Bonn","AWI-CM-1-1-MR","ssp126",-2.7243,14.6237
2044-12-16,2044,12,16,50.9608006310702,7.5,"Bonn","AWI-CM-1-1-MR","ssp126",-12.7392,11.7563
2045-01-16,2045,1,16,50.9608006310702,7.5,"Bonn","AWI-CM-1-1-MR","ssp126",-8.5647,10.2394
2045-02-15,2045,2,15,50.9608006310702,7.5,"Bonn","AWI-CM-1-1-MR","ssp126",-10.1963,6.0334
2045-03-16,2045,3,16,50.9608006310702,7.5,"Bonn","AWI-CM-1-1-MR","ssp126",-1.5218,10.8119
2045-04-16,2045,4,16,50.9608006310702,7.5,"Bonn","AWI-CM-1-1-MR","ssp126",-1.6441,18.9032
2045-05-16,2045,5,16,50.9608006310702,7.5,"Bonn","AWI-CM-1-1-MR","ssp126",-0.0476,19.3586
2045-06-16,2045,6,16,50.9608006310702,7.5,"Bonn","AWI-CM-1-1-MR","ssp126",7.3307,20.6734
2045-07-16,2045,7,16,50.9608006310702,7.5,"Bonn","AWI-CM-1-1-MR","ssp126",10.5122,27.7065
2045-08-16,2045,8,16,50.9608006310702,7.5,"Bonn","AWI-CM-1-1-MR","ssp126",10.4823,28.7664
2045-09-16,2045,9,16,50.9608006310702,7.5,"Bonn","AWI-CM-1-1-MR","ssp126",5.7052,28.1556
2045-10-16,2045,10,16,50.9608006310702,7.5,"Bonn","AWI-CM-1-1-MR","ssp126",0.6498,23.0684
2045-11-16,2045,11,16,50.9608006310702,7.5,"Bonn","AWI-CM-1-1-MR","ssp126",0.6721,11.3136
2045-12-16,2045,12,16,50.9608006310702,7.5,"Bonn","AWI-CM-1-1-MR","ssp126",-1.9962,11.7785
2046-01-16,2046,1,16,50.9608006310702,7.5,"Bonn","AWI-CM-1-1-MR","ssp126",-2.4149,10.5907
2046-02-15,2046,2,15,50.9608006310702,7.5,"Bonn","AWI-CM-1-1-MR","ssp126",-8.2398,8.2156
2046-03-16,2046,3,16,50.9608006310702,7.5,"Bonn","AWI-CM-1-1-MR","ssp126",-0.2008,18.8382
2046-04-16,2046,4,16,50.9608006310702,7.5,"Bonn","AWI-CM-1-1-MR","ssp126",-2.6649,14.7755
2046-05-16,2046,5,16,50.9608006310702,7.5,"Bonn","AWI-CM-1-1-MR","ssp126",4.4106,20.5693
2046-06-16,2046,6,16,50.9608006310702,7.5,"Bonn","AWI-CM-1-1-MR","ssp126",10.6067,25.123
2046-07-16,2046,7,16,50.9608006310702,7.5,"Bonn","AWI-CM-1-1-MR","ssp126",11.1478,27.7625
2046-08-16,2046,8,16,50.9608006310702,7.5,"Bonn","AWI-CM-1-1-MR","ssp126",11.5978,30.9391
2046-09-16,2046,9,16,50.9608006310702,7.5,"Bonn","AWI-CM-1-1-MR","ssp126",7.8071,28.8029
2046-10-16,2046,10,16,50.9608006310702,7.5,"Bonn","AWI-CM-1-1-MR","ssp126",3.4037,23.4578
2046-11-16,2046,11,16,50.9608006310702,7.5,"Bonn","AWI-CM-1-1-MR","ssp126",-0.6559,14.4537
2046-12-16,2046,12,16,50.9608006310702,7.5,"Bonn","AWI-CM-1-1-MR","ssp126",-2.6539,12.0249
2047-01-16,2047,1,16,50.9608006310702,7.5,"Bonn","AWI-CM-1-1-MR","ssp126",-6.0076,10.7698
2047-02-15,2047,2,15,50.9608006310702,7.5,"Bonn","AWI-CM-1-1-MR","ssp126",-12.2004,12.325
2047-03-16,2047,3,16,50.9608006310702,7.5,"Bonn","AWI-CM-1-1-MR","ssp126",-7.7689,14.6233
2047-04-16,2047,4,16,50.9608006310702,7.5,"Bonn","AWI-CM-1-1-MR","ssp126",-1.3667,24.6012
2047-05-16,2047,5,16,50.9608006310702,7.5,"Bonn","AWI-CM-1-1-MR","ssp126",5.1967,24.7653
2047-06-16,2047,6,16,50.9608006310702,7.5,"Bonn","AWI-CM-1-1-MR","ssp126",7.8006,27.4938
2047-07-16,2047,7,16,50.9608006310702,7.5,"Bonn","AWI-CM-1-1-MR","ssp126",12.9685,28.2938
2047-08-16,2047,8,16,50.9608006310702,7.5,"Bonn","AWI-CM-1-1-MR","ssp126",11.4265,29.4179
2047-09-16,2047,9,16,50.9608006310702,7.5,"Bonn","AWI-CM-1-1-MR","ssp126",7.7838,28.4699
2047-10-16,2047,10,16,50.9608006310702,7.5,"Bonn","AWI-CM-1-1-MR","ssp126",-2.3508,21.8219
2047-11-16,2047,11,16,50.9608006310702,7.5,"Bonn","AWI-CM-1-1-MR","ssp126",1.746,14.6095
2047-12-16,2047,12,16,50.9608006310702,7.5,"Bonn","AWI-CM-1-1-MR","ssp126",-0.7679,13.6441
2048-01-16,2048,1,16,50.9608006310702,7.5,"Bonn","AWI-CM-1-1-MR","ssp126",0.3101,10.1855
2048-02-15,2048,2,15,50.9608006310702,7.5,"Bonn","AWI-CM-1-1-MR","ssp126",-2.6992,12.8907
2048-03-16,2048,3,16,50.9608006310702,7.5,"Bonn","AWI-CM-1-1-MR","ssp126",-2.3071,13.6269
2048-04-16,2048,4,16,50.9608006310702,7.5,"Bonn","AWI-CM-1-1-MR","ssp126",-1.6255,15.6319
2048-05-16,2048,5,16,50.9608006310702,7.5,"Bonn","AWI-CM-1-1-MR","ssp126",5.0695,25.3406
2048-06-16,2048,6,16,50.9608006310702,7.5,"Bonn","AWI-CM-1-1-MR","ssp126",7.3503,26.2103
2048-07-16,2048,7,16,50.9608006310702,7.5,"Bonn","AWI-CM-1-1-MR","ssp126",11.7956,27.4471
2048-08-16,2048,8,16,50.9608006310702,7.5,"Bonn","AWI-CM-1-1-MR","ssp126",11.7298,28.0184
2048-09-16,2048,9,16,50.9608006310702,7.5,"Bonn","AWI-CM-1-1-MR","ssp126",6.3619,25.3373
2048-10-16,2048,10,16,50.9608006310702,7.5,"Bonn","AWI-CM-1-1-MR","ssp126",4.732,25.5442
2048-11-16,2048,11,16,50.9608006310702,7.5,"Bonn","AWI-CM-1-1-MR","ssp126",-0.6188,16.6652
2048-12-16,2048,12,16,50.9608006310702,7.5,"Bonn","AWI-CM-1-1-MR","ssp126",-8.4268,8.6532
2049-01-16,2049,1,16,50.9608006310702,7.5,"Bonn","AWI-CM-1-1-MR","ssp126",-5.6424,10.4049
2049-02-15,2049,2,15,50.9608006310702,7.5,"Bonn","AWI-CM-1-1-MR","ssp126",-2.603,14.288
2049-03-16,2049,3,16,50.9608006310702,7.5,"Bonn","AWI-CM-1-1-MR","ssp126",-4.7048,14.3198
2049-04-16,2049,4,16,50.9608006310702,7.5,"Bonn","AWI-CM-1-1-MR","ssp126",0.8666,22.4349
2049-05-16,2049,5,16,50.9608006310702,7.5,"Bonn","AWI-CM-1-1-MR","ssp126",6.6741,24.0607
2049-06-16,2049,6,16,50.9608006310702,7.5,"Bonn","AWI-CM-1-1-MR","ssp126",9.3724,27.6715
2049-07-16,2049,7,16,50.9608006310702,7.5,"Bonn","AWI-CM-1-1-MR","ssp126",11.6692,29.1873
2049-08-16,2049,8,16,50.9608006310702,7.5,"Bonn","AWI-CM-1-1-MR","ssp126",9.819,28.6723
2049-09-16,2049,9,16,50.9608006310702,7.5,"Bonn","AWI-CM-1-1-MR","ssp126",8.3585,26.5826
2049-10-16,2049,10,16,50.9608006310702,7.5,"Bonn","AWI-CM-1-1-MR","ssp126",3.1885,18.8878
2049-11-16,2049,11,16,50.9608006310702,7.5,"Bonn","AWI-CM-1-1-MR","ssp126",-2.4781,13.7756
2049-12-16,2049,12,16,50.9608006310702,7.5,"Bonn","AWI-CM-1-1-MR","ssp126",-7.0669,10.4593
2050-01-16,2050,1,16,50.9608006310702,7.5,"Bonn","AWI-CM-1-1-MR","ssp126",-14.3701,10.1789
2050-02-15,2050,2,15,50.9608006310702,7.5,"Bonn","AWI-CM-1-1-MR","ssp126",-5.1904,11.8165
2050-03-16,2050,3,16,50.9608006310702,7.5,"Bonn","AWI-CM-1-1-MR","ssp126",-0.9979,10.4169
2050-04-16,2050,4,16,50.9608006310702,7.5,"Bonn","AWI-CM-1-1-MR","ssp126",1.2722,19.2649
2050-05-16,2050,5,16,50.9608006310702,7.5,"Bonn","AWI-CM-1-1-MR","ssp126",3.7425,24.1242
2050-06-16,2050,6,16,50.9608006310702,7.5,"Bonn","AWI-CM-1-1-MR","ssp126",9.6662,28.4376
2050-07-16,2050,7,16,50.9608006310702,7.5,"Bonn","AWI-CM-1-1-MR","ssp126",13.6724,31.8893
2050-08-16,2050,8,16,50.9608006310702,7.5,"Bonn","AWI-CM-1-1-MR","ssp126",11.4143,28.2875
2050-09-16,2050,9,16,50.9608006310702,7.5,"Bonn","AWI-CM-1-1-MR","ssp126",10.4248,31.5363
2050-10-16,2050,10,16,50.9608006310702,7.5,"Bonn","AWI-CM-1-1-MR","ssp126",2.9784,23.9616
2050-11-16,2050,11,16,50.9608006310702,7.5,"Bonn","AWI-CM-1-1-MR","ssp126",-0.1957,11.4336
2050-12-16,2050,12,16,50.9608006310702,7.5,"Bonn","AWI-CM-1-1-MR","ssp126",-8.2763,12.121
2051-01-16,2051,1,16,50.9608006310702,7.5,"Bonn","AWI-CM-1-1-MR","ssp126",-13.6656,14.0133
2051-02-15,2051,2,15,50.9608006310702,7.5,"Bonn","AWI-CM-1-1-MR","ssp126",-4.7716,10.8642
2051-03-16,2051,3,16,50.9608006310702,7.5,"Bonn","AWI-CM-1-1-MR","ssp126",-4.2477,14.8242
2051-04-16,2051,4,16,50.9608006310702,7.5,"Bonn","AWI-CM-1-1-MR","ssp126",2.0349,15.6684
2051-05-16,2051,5,16,50.9608006310702,7.5,"Bonn","AWI-CM-1-1-MR","ssp126",6.1562,23.3125
2051-06-16,2051,6,16,50.9608006310702,7.5,"Bonn","AWI-CM-1-1-MR","ssp126",9.0571,26.104
2051-07-16,2051,7,16,50.9608006310702,7.5,"Bonn","AWI-CM-1-1-MR","ssp126",11.9538,31.8722
2051-08-16,2051,8,16,50.9608006310702,7.5,"Bonn","AWI-CM-1-1-MR","ssp126",11.4581,31.173
2051-09-16,2051,9,16,50.9608006310702,7.5,"Bonn","AWI-CM-1-1-MR","ssp126",8.0994,33.1137
2051-10-16,2051,10,16,50.9608006310702,7.5,"Bonn","AWI-CM-1-1-MR","ssp126",0.1303,26.567
2051-11-16,2051,11,16,50.9608006310702,7.5,"Bonn","AWI-CM-1-1-MR","ssp126",2.4848,14.7373
2051-12-16,2051,12,16,50.9608006310702,7.5,"Bonn","AWI-CM-1-1-MR","ssp126",-3.0288,13.3145
2052-01-16,2052,1,16,50.9608006310702,7.5,"Bonn","AWI-CM-1-1-MR","ssp126",-9.7516,10.3982
2052-02-15,2052,2,15,50.9608006310702,7.5,"Bonn","AWI-CM-1-1-MR","ssp126",-12.4746,9.1794
2052-03-16,2052,3,16,50.9608006310702,7.5,"Bonn","AWI-CM-1-1-MR","ssp126",-1.8846,16.7934
2052-04-16,2052,4,16,50.9608006310702,7.5,"Bonn","AWI-CM-1-1-MR","ssp126",-0.141,20.1154
2052-05-16,2052,5,16,50.9608006310702,7.5,"Bonn","AWI-CM-1-1-MR","ssp126",5.5712,23.5427
2052-06-16,2052,6,16,50.9608006310702,7.5,"Bonn","AWI-CM-1-1-MR","ssp126",5.5024,28.3675
2052-07-16,2052,7,16,50.9608006310702,7.5,"Bonn","AWI-CM-1-1-MR","ssp126",11.3372,26.3929
2052-08-16,2052,8,16,50.9608006310702,7.5,"Bonn","AWI-CM-1-1-MR","ssp126",12.4734,31.0401
2052-09-16,2052,9,16,50.9608006310702,7.5,"Bonn","AWI-CM-1-1-MR","ssp126",8.5206,34.6029
2052-10-16,2052,10,16,50.9608006310702,7.5,"Bonn","AWI-CM-1-1-MR","ssp126",3.3168,21.5929
2052-11-16,2052,11,16,50.9608006310702,7.5,"Bonn","AWI-CM-1-1-MR","ssp126",-5.3165,14.5064
2052-12-16,2052,12,16,50.9608006310702,7.5,"Bonn","AWI-CM-1-1-MR","ssp126",0.2371,12.0152
2053-01-16,2053,1,16,50.9608006310702,7.5,"Bonn","AWI-CM-1-1-MR","ssp126",-3.125,12.5047
2053-02-15,2053,2,15,50.9608006310702,7.5,"Bonn","AWI-CM-1-1-MR","ssp126",-0.7964,9.0559
2053-03-16,2053,3,16,50.9608006310702,7.5,"Bonn","AWI-CM-1-1-MR","ssp126",-5.8425,15.3119
2053-04-16,2053,4,16,50.9608006310702,7.5,"Bonn","AWI-CM-1-1-MR","ssp126",-0.499,27.4588
2053-05-16,2053,5,16,50.9608006310702,7.5,"Bonn","AWI-CM-1-1-MR","ssp126",4.7725,25.8772
2053-06-16,2053,6,16,50.9608006310702,7.5,"Bonn","AWI-CM-1-1-MR","ssp126",7.2649,30.0039
2053-07-16,2053,7,16,50.9608006310702,7.5,"Bonn","AWI-CM-1-1-MR","ssp126",12.9772,31.0615
2053-08-16,2053,8,16,50.9608006310702,7.5,"Bonn","AWI-CM-1-1-MR","ssp126",10.6382,27.818
2053-09-16,2053,9,16,50.9608006310702,7.5,"Bonn","AWI-CM-1-1-MR","ssp126",7.4615,29.6199
2053-10-16,2053,10,16,50.9608006310702,7.5,"Bonn","AWI-CM-1-1-MR","ssp126",1.7516,19.7873
2053-11-16,2053,11,16,50.9608006310702,7.5,"Bonn","AWI-CM-1-1-MR","ssp126",-4.601,13.7617
2053-12-16,2053,12,16,50.9608006310702,7.5,"Bonn","AWI-CM-1-1-MR","ssp126",-5.1849,10.3643
2054-01-16,2054,1,16,50.9608006310702,7.5,"Bonn","AWI-CM-1-1-MR","ssp126",-6.2293,12.2765
2054-02-15,2054,2,15,50.9608006310702,7.5,"Bonn","AWI-CM-1-1-MR","ssp126",-10.2282,10.4182
2054-03-16,2054,3,16,50.9608006310702,7.5,"Bonn","AWI-CM-1-1-MR","ssp126",-7.8996,16.921
2054-04-16,2054,4,16,50.9608006310702,7.5,"Bonn","AWI-CM-1-1-MR","ssp126",-0.9803,22.1771
2054-05-16,2054,5,16,50.9608006310702,7.5,"Bonn","AWI-CM-1-1-MR","ssp126",4.1001,24.3575
2054-06-16,2054,6,16,50.9608006310702,7.5,"Bonn","AWI-CM-1-1-MR","ssp126",7.8327,23.2966
2054-07-16,2054,7,16,50.9608006310702,7.5,"Bonn","AWI-CM-1-1-MR","ssp126",10.7964,28.9186
2054-08-16,2054,8,16,50.9608006310702,7.5,"Bonn","AWI-CM-1-1-MR","ssp126",11.3911,28.7519
2054-09-16,2054,9,16,50.9608006310702,7.5,"Bonn","AWI-CM-1-1-MR","ssp126",7.9822,25.6755
2054-10-16,2054,10,16,50.9608006310702,7.5,"Bonn","AWI-CM-1-1-MR","ssp126",2.7559,22.8746
2054-11-16,2054,11,16,50.9608006310702,7.5,"Bonn","AWI-CM-1-1-MR","ssp126",-2.9424,15.337
2054-12-16,2054,12,16,50.9608006310702,7.5,"Bonn","AWI-CM-1-1-MR","ssp126",-11.0029,8.7829
2055-01-16,2055,1,16,50.9608006310702,7.5,"Bonn","AWI-CM-1-1-MR","ssp126",-9.1616,11.1872
2055-02-15,2055,2,15,50.9608006310702,7.5,"Bonn","AWI-CM-1-1-MR","ssp126",1.2228,12.7234
2055-03-16,2055,3,16,50.9608006310702,7.5,"Bonn","AWI-CM-1-1-MR","ssp126",-0.8291,17.5428
2055-04-16,2055,4,16,50.9608006310702,7.5,"Bonn","AWI-CM-1-1-MR","ssp126",0.0457,21.0079
2055-05-16,2055,5,16,50.9608006310702,7.5,"Bonn","AWI-CM-1-1-MR","ssp126",6.6069,24.8162
2055-06-16,2055,6,16,50.9608006310702,7.5,"Bonn","AWI-CM-1-1-MR","ssp126",8.3484,26.5872
2055-07-16,2055,7,16,50.9608006310702,7.5,"Bonn","AWI-CM-1-1-MR","ssp126",12.6255,33.9406
2055-08-16,2055,8,16,50.9608006310702,7.5,"Bonn","AWI-CM-1-1-MR","ssp126",12.0173,30.927
2055-09-16,2055,9,16,50.9608006310702,7.5,"Bonn","AWI-CM-1-1-MR","ssp126",9.3757,31.7566
2055-10-16,2055,10,16,50.9608006310702,7.5,"Bonn","AWI-CM-1-1-MR","ssp126",1.912,15.8251
2055-11-16,2055,11,16,50.9608006310702,7.5,"Bonn","AWI-CM-1-1-MR","ssp126",-3.9982,13.5039
2055-12-16,2055,12,16,50.9608006310702,7.5,"Bonn","AWI-CM-1-1-MR","ssp126",2.1861,13.4863
2056-01-16,2056,1,16,50.9608006310702,7.5,"Bonn","AWI-CM-1-1-MR","ssp126",-6.091,10.9616
2056-02-15,2056,2,15,50.9608006310702,7.5,"Bonn","AWI-CM-1-1-MR","ssp126",-13.1498,7.3332
2056-03-16,2056,3,16,50.9608006310702,7.5,"Bonn","AWI-CM-1-1-MR","ssp126",-10.7544,16.5504
2056-04-16,2056,4,16,50.9608006310702,7.5,"Bonn","AWI-CM-1-1-MR","ssp126",-3.7047,16.4702
2056-05-16,2056,5,16,50.9608006310702,7.5,"Bonn","AWI-CM-1-1-MR","ssp126",2.8581,21.7219
2056-06-16,2056,6,16,50.9608006310702,7.5,"Bonn","AWI-CM-1-1-MR","ssp126",10.8282,27.9281
2056-07-16,2056,7,16,50.9608006310702,7.5,"Bonn","AWI-CM-1-1-MR","ssp126",11.3882,26.4143
2056-08-16,2056,8,16,50.9608006310702,7.5,"Bonn","AWI-CM-1-1-MR","ssp126",11.9436,29.548
2056-09-16,2056,9,16,50.9608006310702,7.5,"Bonn","AWI-CM-1-1-MR","ssp126",5.5224,25.5774
2056-10-16,2056,10,16,50.9608006310702,7.5,"Bonn","AWI-CM-1-1-MR","ssp126",4.3552,21.1012
2056-11-16,2056,11,16,50.9608006310702,7.5,"Bonn","AWI-CM-1-1-MR","ssp126",-1.8984,17.2278
2056-12-16,2056,12,16,50.9608006310702,7.5,"Bonn","AWI-CM-1-1-MR","ssp126",-1.7747,12.6913
2057-01-16,2057,1,16,50.9608006310702,7.5,"Bonn","AWI-CM-1-1-MR","ssp126",-5.3526,11.7764
2057-02-15,2057,2,15,50.9608006310702,7.5,"Bonn","AWI-CM-1-1-MR","ssp126",-7.4376,11.6849
2057-03-16,2057,3,16,50.9608006310702,7.5,"Bonn","AWI-CM-1-1-MR","ssp126",-4.6694,18.7479
2057-04-16,2057,4,16,50.9608006310702,7.5,"Bonn","AWI-CM-1-1-MR","ssp126",-1.2325,23.1298
2057-05-16,2057,5,16,50.9608006310702,7.5,"Bonn","AWI-CM-1-1-MR","ssp126",1.4649,27.2646
2057-06-16,2057,6,16,50.9608006310702,7.5,"Bonn","AWI-CM-1-1-MR","ssp126",6.5283,24.9326
2057-07-16,2057,7,16,50.9608006310702,7.5,"Bonn","AWI-CM-1-1-MR","ssp126",10.1748,28.5971
2057-08-16,2057,8,16,50.9608006310702,7.5,"Bonn","AWI-CM-1-1-MR","ssp126",12.7963,28.8345
2057-09-16,2057,9,16,50.9608006310702,7.5,"Bonn","AWI-CM-1-1-MR","ssp126",6.2821,32.0539
2057-10-16,2057,10,16,50.9608006310702,7.5,"Bonn","AWI-CM-1-1-MR","ssp126",8.232,25.9036
2057-11-16,2057,11,16,50.9608006310702,7.5,"Bonn","AWI-CM-1-1-MR","ssp126",-5.806,15.9311
2057-12-16,2057,12,16,50.9608006310702,7.5,"Bonn","AWI-CM-1-1-MR","ssp126",-2.0925,12.7829
2058-01-16,2058,1,16,50.9608006310702,7.5,"Bonn","AWI-CM-1-1-MR","ssp126",-6.9123,11.7166
2058-02-15,2058,2,15,50.9608006310702,7.5,"Bonn","AWI-CM-1-1-MR","ssp126",-5.5241,12.2996
2058-03-16,2058,3,16,50.9608006310702,7.5,"Bonn","AWI-CM-1-1-MR","ssp126",0.2396,14.5097
2058-04-16,2058,4,16,50.9608006310702,7.5,"Bonn","AWI-CM-1-1-MR","ssp126",0.0787,19.0612
2058-05-16,2058,5,16,50.9608006310702,7.5,"Bonn","AWI-CM-1-1-MR","ssp126",4.6948,24.4284
2058-06-16,2058,6,16,50.9608006310702,7.5,"Bonn","AWI-CM-1-1-MR","ssp126",11.4145,25.7023
2058-07-16,2058,7,16,50.9608006310702,7.5,"Bonn","AWI-CM-1-1-MR","ssp126",9.579,30.4412
2058-08-16,2058,8,16,50.9608006310702,7.5,"Bonn","AWI-CM-1-1-MR","ssp126",9.6968,32.2576
2058-09-16,2058,9,16,50.9608006310702,7.5,"Bonn","AWI-CM-1-1-MR","ssp126",5.5935,28.0314
2058-10-16,2058,10,16,50.9608006310702,7.5,"Bonn","AWI-CM-1-1-MR","ssp126",3.6659,25.48
2058-11-16,2058,11,16,50.9608006310702,7.5,"Bonn","AWI-CM-1-1-MR","ssp126",-1.9316,13.0588
2058-12-16,2058,12,16,50.9608006310702,7.5,"Bonn","AWI-CM-1-1-MR","ssp126",-8.1904,12.3832
2059-01-16,2059,1,16,50.9608006310702,7.5,"Bonn","AWI-CM-1-1-MR","ssp126",0.291,8.571
2059-02-15,2059,2,15,50.9608006310702,7.5,"Bonn","AWI-CM-1-1-MR","ssp126",-15.6014,10.6603
2059-03-16,2059,3,16,50.9608006310702,7.5,"Bonn","AWI-CM-1-1-MR","ssp126",-0.3662,15.9448
2059-04-16,2059,4,16,50.9608006310702,7.5,"Bonn","AWI-CM-1-1-MR","ssp126",-3.597,21.1807
2059-05-16,2059,5,16,50.9608006310702,7.5,"Bonn","AWI-CM-1-1-MR","ssp126",5.6061,23.3602
2059-06-16,2059,6,16,50.9608006310702,7.5,"Bonn","AWI-CM-1-1-MR","ssp126",8.5101,25.4292
2059-07-16,2059,7,16,50.9608006310702,7.5,"Bonn","AWI-CM-1-1-MR","ssp126",10.2088,25.1939
2059-08-16,2059,8,16,50.9608006310702,7.5,"Bonn","AWI-CM-1-1-MR","ssp126",11.0024,29.445
2059-09-16,2059,9,16,50.9608006310702,7.5,"Bonn","AWI-CM-1-1-MR","ssp126",6.9618,31.6023
2059-10-16,2059,10,16,50.9608006310702,7.5,"Bonn","AWI-CM-1-1-MR","ssp126",-2.4079,20.8576
2059-11-16,2059,11,16,50.9608006310702,7.5,"Bonn","AWI-CM-1-1-MR","ssp126",-5.3553,16.5412
2059-12-16,2059,12,16,50.9608006310702,7.5,"Bonn","AWI-CM-1-1-MR","ssp126",-0.7571,14.0591
2060-01-16,2060,1,16,50.9608006310702,7.5,"Bonn","AWI-CM-1-1-MR","ssp126",-12.2386,8.9672
2060-02-15,2060,2,15,50.9608006310702,7.5,"Bonn","AWI-CM-1-1-MR","ssp126",-4.3453,11.8986
2060-03-16,2060,3,16,50.9608006310702,7.5,"Bonn","AWI-CM-1-1-MR","ssp126",-4.585,16.0883
2060-04-16,2060,4,16,50.9608006310702,7.5,"Bonn","AWI-CM-1-1-MR","ssp126",2.8602,18.6235
2060-05-16,2060,5,16,50.9608006310702,7.5,"Bonn","AWI-CM-1-1-MR","ssp126",1.9044,24.4656
2060-06-16,2060,6,16,50.9608006310702,7.5,"Bonn","AWI-CM-1-1-MR","ssp126",10.3126,23.643
2060-07-16,2060,7,16,50.9608006310702,7.5,"Bonn","AWI-CM-1-1-MR","ssp126",12.7258,28.9117
2060-08-16,2060,8,16,50.9608006310702,7.5,"Bonn","AWI-CM-1-1-MR","ssp126",11.9975,29.1568
2060-09-16,2060,9,16,50.9608006310702,7.5,"Bonn","AWI-CM-1-1-MR","ssp126",6.8222,22.5288
2060-10-16,2060,10,16,50.9608006310702,7.5,"Bonn","AWI-CM-1-1-MR","ssp126",4.1027,21.1347
2060-11-16,2060,11,16,50.9608006310702,7.5,"Bonn","AWI-CM-1-1-MR","ssp126",4.6384,16.0769
2060-12-16,2060,12,16,50.9608006310702,7.5,"Bonn","AWI-CM-1-1-MR","ssp126",-2.86,12.4466
2061-01-16,2061,1,16,50.9608006310702,7.5,"Bonn","AWI-CM-1-1-MR","ssp126",-5.5935,12.6384
2061-02-15,2061,2,15,50.9608006310702,7.5,"Bonn","AWI-CM-1-1-MR","ssp126",-1.7366,11.8437
2061-03-16,2061,3,16,50.9608006310702,7.5,"Bonn","AWI-CM-1-1-MR","ssp126",-6.0054,16.6706
2061-04-16,2061,4,16,50.9608006310702,7.5,"Bonn","AWI-CM-1-1-MR","ssp126",0.3621,22.3128
2061-05-16,2061,5,16,50.9608006310702,7.5,"Bonn","AWI-CM-1-1-MR","ssp126",7.1661,24.8455
2061-06-16,2061,6,16,50.9608006310702,7.5,"Bonn","AWI-CM-1-1-MR","ssp126",7.228,24.3053
2061-07-16,2061,7,16,50.9608006310702,7.5,"Bonn","AWI-CM-1-1-MR","ssp126",11.3305,27.5156
2061-08-16,2061,8,16,50.9608006310702,7.5,"Bonn","AWI-CM-1-1-MR","ssp126",11.421,26.2811
2061-09-16,2061,9,16,50.9608006310702,7.5,"Bonn","AWI-CM-1-1-MR","ssp126",9.4804,28.1309
2061-10-16,2061,10,16,50.9608006310702,7.5,"Bonn","AWI-CM-1-1-MR","ssp126",1.1251,24.5656
2061-11-16,2061,11,16,50.9608006310702,7.5,"Bonn","AWI-CM-1-1-MR","ssp126",0.6009,13.8072
2061-12-16,2061,12,16,50.9608006310702,7.5,"Bonn","AWI-CM-1-1-MR","ssp126",-2.8876,12.6433
2062-01-16,2062,1,16,50.9608006310702,7.5,"Bonn","AWI-CM-1-1-MR","ssp126",-5.5902,13.0407
2062-02-15,2062,2,15,50.9608006310702,7.5,"Bonn","AWI-CM-1-1-MR","ssp126",-10.8652,9.7429
2062-03-16,2062,3,16,50.9608006310702,7.5,"Bonn","AWI-CM-1-1-MR","ssp126",-3.7821,11.9436
2062-04-16,2062,4,16,50.9608006310702,7.5,"Bonn","AWI-CM-1-1-MR","ssp126",-1.8275,16.7689
2062-05-16,2062,5,16,50.9608006310702,7.5,"Bonn","AWI-CM-1-1-MR","ssp126",2.6966,19.2585
2062-06-16,2062,6,16,50.9608006310702,7.5,"Bonn","AWI-CM-1-1-MR","ssp126",5.5256,26.6055
2062-07-16,2062,7,16,50.9608006310702,7.5,"Bonn","AWI-CM-1-1-MR","ssp126",10.0889,25.6419
2062-08-16,2062,8,16,50.9608006310702,7.5,"Bonn","AWI-CM-1-1-MR","ssp126",11.4635,29.5
2062-09-16,2062,9,16,50.9608006310702,7.5,"Bonn","AWI-CM-1-1-MR","ssp126",9.0786,24.468
2062-10-16,2062,10,16,50.9608006310702,7.5,"Bonn","AWI-CM-1-1-MR","ssp126",2.0259,19.1888
2062-11-16,2062,11,16,50.9608006310702,7.5,"Bonn","AWI-CM-1-1-MR","ssp126",-4.432,13.8773
2062-12-16,2062,12,16,50.9608006310702,7.5,"Bonn","AWI-CM-1-1-MR","ssp126",-5.5255,10.8202
2063-01-16,2063,1,16,50.9608006310702,7.5,"Bonn","AWI-CM-1-1-MR","ssp126",-8.0097,9.7554
2063-02-15,2063,2,15,50.9608006310702,7.5,"Bonn","AWI-CM-1-1-MR","ssp126",-7.0496,13.8831
2063-03-16,2063,3,16,50.9608006310702,7.5,"Bonn","AWI-CM-1-1-MR","ssp126",-0.9488,12.9662
2063-04-16,2063,4,16,50.9608006310702,7.5,"Bonn","AWI-CM-1-1-MR","ssp126",-5.869,13.7833
2063-05-16,2063,5,16,50.9608006310702,7.5,"Bonn","AWI-CM-1-1-MR","ssp126",3.2967,21.6101
2063-06-16,2063,6,16,50.9608006310702,7.5,"Bonn","AWI-CM-1-1-MR","ssp126",8.9528,24.6969
2063-07-16,2063,7,16,50.9608006310702,7.5,"Bonn","AWI-CM-1-1-MR","ssp126",10.3589,26.7709
2063-08-16,2063,8,16,50.9608006310702,7.5,"Bonn","AWI-CM-1-1-MR","ssp126",8.4506,28.9578
2063-09-16,2063,9,16,50.9608006310702,7.5,"Bonn","AWI-CM-1-1-MR","ssp126",6.955,25.9413
2063-10-16,2063,10,16,50.9608006310702,7.5,"Bonn","AWI-CM-1-1-MR","ssp126",0.1908,20.9031
2063-11-16,2063,11,16,50.9608006310702,7.5,"Bonn","AWI-CM-1-1-MR","ssp126",-2.487,16.0893
2063-12-16,2063,12,16,50.9608006310702,7.5,"Bonn","AWI-CM-1-1-MR","ssp126",-0.4754,12.6511
2064-01-16,2064,1,16,50.9608006310702,7.5,"Bonn","AWI-CM-1-1-MR","ssp126",-1.1077,10.348
2064-02-15,2064,2,15,50.9608006310702,7.5,"Bonn","AWI-CM-1-1-MR","ssp126",-9.303,11.6121
2064-03-16,2064,3,16,50.9608006310702,7.5,"Bonn","AWI-CM-1-1-MR","ssp126",-8.1477,10.6211
2064-04-16,2064,4,16,50.9608006310702,7.5,"Bonn","AWI-CM-1-1-MR","ssp126",0.4957,20.8589
2064-05-16,2064,5,16,50.9608006310702,7.5,"Bonn","AWI-CM-1-1-MR","ssp126",3.6911,25.4536
2064-06-16,2064,6,16,50.9608006310702,7.5,"Bonn","AWI-CM-1-1-MR","ssp126",8.8727,28.5153
2064-07-16,2064,7,16,50.9608006310702,7.5,"Bonn","AWI-CM-1-1-MR","ssp126",9.9402,29.7537
2064-08-16,2064,8,16,50.9608006310702,7.5,"Bonn","AWI-CM-1-1-MR","ssp126",10.9778,34.3469
2064-09-16,2064,9,16,50.9608006310702,7.5,"Bonn","AWI-CM-1-1-MR","ssp126",6.5521,30.986
2064-10-16,2064,10,16,50.9608006310702,7.5,"Bonn","AWI-CM-1-1-MR","ssp126",3.7954,17.7022
2064-11-16,2064,11,16,50.9608006310702,7.5,"Bonn","AWI-CM-1-1-MR","ssp126",-6.2432,11.678
2064-12-16,2064,12,16,50.9608006310702,7.5,"Bonn","AWI-CM-1-1-MR","ssp126",-1.1729,9.7448
2065-01-16,2065,1,16,50.9608006310702,7.5,"Bonn","AWI-CM-1-1-MR","ssp126",-3.9969,11.5779
2065-02-15,2065,2,15,50.9608006310702,7.5,"Bonn","AWI-CM-1-1-MR","ssp126",-7.7528,11.4359
2065-03-16,2065,3,16,50.9608006310702,7.5,"Bonn","AWI-CM-1-1-MR","ssp126",-7.8688,12.3674
2065-04-16,2065,4,16,50.9608006310702,7.5,"Bonn","AWI-CM-1-1-MR","ssp126",-0.4411,23.831
2065-05-16,2065,5,16,50.9608006310702,7.5,"Bonn","AWI-CM-1-1-MR","ssp126",7.8557,23.8848
2065-06-16,2065,6,16,50.9608006310702,7.5,"Bonn","AWI-CM-1-1-MR","ssp126",7.2485,26.2531
2065-07-16,2065,7,16,50.9608006310702,7.5,"Bonn","AWI-CM-1-1-MR","ssp126",12.383,30.9708
2065-08-16,2065,8,16,50.9608006310702,7.5,"Bonn","AWI-CM-1-1-MR","ssp126",11.0403,27.7983
2065-09-16,2065,9,16,50.9608006310702,7.5,"Bonn","AWI-CM-1-1-MR","ssp126",7.6354,29.7544
2065-10-16,2065,10,16,50.9608006310702,7.5,"Bonn","AWI-CM-1-1-MR","ssp126",0.1602,19.0675
2065-11-16,2065,11,16,50.9608006310702,7.5,"Bonn","AWI-CM-1-1-MR","ssp126",0.7322,14.6905
2065-12-16,2065,12,16,50.9608006310702,7.5,"Bonn","AWI-CM-1-1-MR","ssp126",-4.1578,11.5503
2066-01-16,2066,1,16,50.9608006310702,7.5,"Bonn","AWI-CM-1-1-MR","ssp126",-11.1644,4.4703
2066-02-15,2066,2,15,50.9608006310702,7.5,"Bonn","AWI-CM-1-1-MR","ssp126",-5.727,11.1027
2066-03-16,2066,3,16,50.9608006310702,7.5,"Bonn","AWI-CM-1-1-MR","ssp126",-4.6426,9.8427
2066-04-16,2066,4,16,50.9608006310702,7.5,"Bonn","AWI-CM-1-1-MR","ssp126",-5.396,25.034
2066-05-16,2066,5,16,50.9608006310702,7.5,"Bonn","AWI-CM-1-1-MR","ssp126",4.8013,26.1122
2066-06-16,2066,6,16,50.9608006310702,7.5,"Bonn","AWI-CM-1-1-MR","ssp126",10.2399,27.1526
2066-07-16,2066,7,16,50.9608006310702,7.5,"Bonn","AWI-CM-1-1-MR","ssp126",11.6672,28.6464
2066-08-16,2066,8,16,50.9608006310702,7.5,"Bonn","AWI-CM-1-1-MR","ssp126",11.4479,29.103
2066-09-16,2066,9,16,50.9608006310702,7.5,"Bonn","AWI-CM-1-1-MR","ssp126",5.5208,26.551
2066-10-16,2066,10,16,50.9608006310702,7.5,"Bonn","AWI-CM-1-1-MR","ssp126",-0.1225,21.7102
2066-11-16,2066,11,16,50.9608006310702,7.5,"Bonn","AWI-CM-1-1-MR","ssp126",0.4566,16.4621
2066-12-16,2066,12,16,50.9608006310702,7.5,"Bonn","AWI-CM-1-1-MR","ssp126",-0.9541,12.9762
2067-01-16,2067,1,16,50.9608006310702,7.5,"Bonn","AWI-CM-1-1-MR","ssp126",-4.8618,11.4739
2067-02-15,2067,2,15,50.9608006310702,7.5,"Bonn","AWI-CM-1-1-MR","ssp126",-0.9071,11.9239
2067-03-16,2067,3,16,50.9608006310702,7.5,"Bonn","AWI-CM-1-1-MR","ssp126",-2.9821,18.7745
2067-04-16,2067,4,16,50.9608006310702,7.5,"Bonn","AWI-CM-1-1-MR","ssp126",-0.2656,18.5904
2067-05-16,2067,5,16,50.9608006310702,7.5,"Bonn","AWI-CM-1-1-MR","ssp126",4.3153,25.5108
2067-06-16,2067,6,16,50.9608006310702,7.5,"Bonn","AWI-CM-1-1-MR","ssp126",8.5337,24.4703
2067-07-16,2067,7,16,50.9608006310702,7.5,"Bonn","AWI-CM-1-1-MR","ssp126",13.7431,29.4196
2067-08-16,2067,8,16,50.9608006310702,7.5,"Bonn","AWI-CM-1-1-MR","ssp126",12.6773,29.8611
2067-09-16,2067,9,16,50.9608006310702,7.5,"Bonn","AWI-CM-1-1-MR","ssp126",5.9878,31.4874
2067-10-16,2067,10,16,50.9608006310702,7.5,"Bonn","AWI-CM-1-1-MR","ssp126",1.9967,22.4321
2067-11-16,2067,11,16,50.9608006310702,7.5,"Bonn","AWI-CM-1-1-MR","ssp126",0.003,17.2453
2067-12-16,2067,12,16,50.9608006310702,7.5,"Bonn","AWI-CM-1-1-MR","ssp126",-2.6576,8.7385
2068-01-16,2068,1,16,50.9608006310702,7.5,"Bonn","AWI-CM-1-1-MR","ssp126",-6.2598,11.2543
2068-02-15,2068,2,15,50.9608006310702,7.5,"Bonn","AWI-CM-1-1-MR","ssp126",-1.431,11.7987
2068-03-16,2068,3,16,50.9608006310702,7.5,"Bonn","AWI-CM-1-1-MR","ssp126",-2.8186,16.4675
2068-04-16,2068,4,16,50.9608006310702,7.5,"Bonn","AWI-CM-1-1-MR","ssp126",0.8603,16.4325
2068-05-16,2068,5,16,50.9608006310702,7.5,"Bonn","AWI-CM-1-1-MR","ssp126",1.9459,21.3317
2068-06-16,2068,6,16,50.9608006310702,7.5,"Bonn","AWI-CM-1-1-MR","ssp126",8.0215,27.9238
2068-07-16,2068,7,16,50.9608006310702,7.5,"Bonn","AWI-CM-1-1-MR","ssp126",9.6063,24.3514
2068-08-16,2068,8,16,50.9608006310702,7.5,"Bonn","AWI-CM-1-1-MR","ssp126",11.6459,29.1121
2068-09-16,2068,9,16,50.9608006310702,7.5,"Bonn","AWI-CM-1-1-MR","ssp126",8.0174,28.4954
2068-10-16,2068,10,16,50.9608006310702,7.5,"Bonn","AWI-CM-1-1-MR","ssp126",0.9415,18.6968
2068-11-16,2068,11,16,50.9608006310702,7.5,"Bonn","AWI-CM-1-1-MR","ssp126",-2.2561,14.9107
2068-12-16,2068,12,16,50.9608006310702,7.5,"Bonn","AWI-CM-1-1-MR","ssp126",-7.5308,11.2417
2069-01-16,2069,1,16,50.9608006310702,7.5,"Bonn","AWI-CM-1-1-MR","ssp126",-6.3594,10.0087
2069-02-15,2069,2,15,50.9608006310702,7.5,"Bonn","AWI-CM-1-1-MR","ssp126",-4.2609,12.8808
2069-03-16,2069,3,16,50.9608006310702,7.5,"Bonn","AWI-CM-1-1-MR","ssp126",-3.6774,15.3553
2069-04-16,2069,4,16,50.9608006310702,7.5,"Bonn","AWI-CM-1-1-MR","ssp126",-4.3199,22.4386
2069-05-16,2069,5,16,50.9608006310702,7.5,"Bonn","AWI-CM-1-1-MR","ssp126",1.56,25.8806
2069-06-16,2069,6,16,50.9608006310702,7.5,"Bonn","AWI-CM-1-1-MR","ssp126",9.1066,29.3467
2069-07-16,2069,7,16,50.9608006310702,7.5,"Bonn","AWI-CM-1-1-MR","ssp126",10.1947,30.7358
2069-08-16,2069,8,16,50.9608006310702,7.5,"Bonn","AWI-CM-1-1-MR","ssp126",10.9114,29.7001
2069-09-16,2069,9,16,50.9608006310702,7.5,"Bonn","AWI-CM-1-1-MR","ssp126",6.895,31.5299
2069-10-16,2069,10,16,50.9608006310702,7.5,"Bonn","AWI-CM-1-1-MR","ssp126",7.9105,22.4022
2069-11-16,2069,11,16,50.9608006310702,7.5,"Bonn","AWI-CM-1-1-MR","ssp126",1.6866,16.08
2069-12-16,2069,12,16,50.9608006310702,7.5,"Bonn","AWI-CM-1-1-MR","ssp126",-4.0929,11.0715
2070-01-16,2070,1,16,50.9608006310702,7.5,"Bonn","AWI-CM-1-1-MR","ssp126",-7.3633,9.5602
2070-02-15,2070,2,15,50.9608006310702,7.5,"Bonn","AWI-CM-1-1-MR","ssp126",-2.8218,13.0613
2070-03-16,2070,3,16,50.9608006310702,7.5,"Bonn","AWI-CM-1-1-MR","ssp126",-0.1238,12.3155
2070-04-16,2070,4,16,50.9608006310702,7.5,"Bonn","AWI-CM-1-1-MR","ssp126",1.2814,25.1981
2070-05-16,2070,5,16,50.9608006310702,7.5,"Bonn","AWI-CM-1-1-MR","ssp126",7.6362,21.5338
2070-06-16,2070,6,16,50.9608006310702,7.5,"Bonn","AWI-CM-1-1-MR","ssp126",9.0178,28.4337
2070-07-16,2070,7,16,50.9608006310702,7.5,"Bonn","AWI-CM-1-1-MR","ssp126",11.3064,32.5557
2070-08-16,2070,8,16,50.9608006310702,7.5,"Bonn","AWI-CM-1-1-MR","ssp126",16.8758,36.4242
2070-09-16,2070,9,16,50.9608006310702,7.5,"Bonn","AWI-CM-1-1-MR","ssp126",8.3942,32.3217
2070-10-16,2070,10,16,50.9608006310702,7.5,"Bonn","AWI-CM-1-1-MR","ssp126",4.4194,20.1398
2070-11-16,2070,11,16,50.9608006310702,7.5,"Bonn","AWI-CM-1-1-MR","ssp126",-3.3512,14.7439
2070-12-16,2070,12,16,50.9608006310702,7.5,"Bonn","AWI-CM-1-1-MR","ssp126",-1.4201,12.12
2071-01-16,2071,1,16,50.9608006310702,7.5,"Bonn","AWI-CM-1-1-MR","ssp126",-8.1617,10.0622
2071-02-15,2071,2,15,50.9608006310702,7.5,"Bonn","AWI-CM-1-1-MR","ssp126",-7.5022,11.6721
2071-03-16,2071,3,16,50.9608006310702,7.5,"Bonn","AWI-CM-1-1-MR","ssp126",-3.8703,17.642
2071-04-16,2071,4,16,50.9608006310702,7.5,"Bonn","AWI-CM-1-1-MR","ssp126",0.5158,20.8626
2071-05-16,2071,5,16,50.9608006310702,7.5,"Bonn","AWI-CM-1-1-MR","ssp126",3.869,25.0658
2071-06-16,2071,6,16,50.9608006310702,7.5,"Bonn","AWI-CM-1-1-MR","ssp126",8.2905,26.8296
2071-07-16,2071,7,16,50.9608006310702,7.5,"Bonn","AWI-CM-1-1-MR","ssp126",10.8354,26.9984
2071-08-16,2071,8,16,50.9608006310702,7.5,"Bonn","AWI-CM-1-1-MR","ssp126",10.1622,25.163
2071-09-16,2071,9,16,50.9608006310702,7.5,"Bonn","AWI-CM-1-1-MR","ssp126",7.0712,25.2481
2071-10-16,2071,10,16,50.9608006310702,7.5,"Bonn","AWI-CM-1-1-MR","ssp126",3.8983,20.776
2071-11-16,2071,11,16,50.9608006310702,7.5,"Bonn","AWI-CM-1-1-MR","ssp126",-4.6124,15.5668
2071-12-16,2071,12,16,50.9608006310702,7.5,"Bonn","AWI-CM-1-1-MR","ssp126",0.7751,10.5359
2072-01-16,2072,1,16,50.9608006310702,7.5,"Bonn","AWI-CM-1-1-MR","ssp126",-6.6331,7.5013
2072-02-15,2072,2,15,50.9608006310702,7.5,"Bonn","AWI-CM-1-1-MR","ssp126",1.3487,12.2762
2072-03-16,2072,3,16,50.9608006310702,7.5,"Bonn","AWI-CM-1-1-MR","ssp126",2.2803,14.6757
2072-04-16,2072,4,16,50.9608006310702,7.5,"Bonn","AWI-CM-1-1-MR","ssp126",1.2125,18.2271
2072-05-16,2072,5,16,50.9608006310702,7.5,"Bonn","AWI-CM-1-1-MR","ssp126",4.0312,19.786
2072-06-16,2072,6,16,50.9608006310702,7.5,"Bonn","AWI-CM-1-1-MR","ssp126",6.9631,23.8302
2072-07-16,2072,7,16,50.9608006310702,7.5,"Bonn","AWI-CM-1-1-MR","ssp126",10.5835,31.469
2072-08-16,2072,8,16,50.9608006310702,7.5,"Bonn","AWI-CM-1-1-MR","ssp126",11.7858,32.9399
2072-09-16,2072,9,16,50.9608006310702,7.5,"Bonn","AWI-CM-1-1-MR","ssp126",5.8784,23.3911
2072-10-16,2072,10,16,50.9608006310702,7.5,"Bonn","AWI-CM-1-1-MR","ssp126",-0.0543,22.6984
2072-11-16,2072,11,16,50.9608006310702,7.5,"Bonn","AWI-CM-1-1-MR","ssp126",-3.139,12.7149
2072-12-16,2072,12,16,50.9608006310702,7.5,"Bonn","AWI-CM-1-1-MR","ssp126",-4.112,11.1547
2073-01-16,2073,1,16,50.9608006310702,7.5,"Bonn","AWI-CM-1-1-MR","ssp126",-10.8747,9.471
2073-02-15,2073,2,15,50.9608006310702,7.5,"Bonn","AWI-CM-1-1-MR","ssp126",-1.0208,12.4167
2073-03-16,2073,3,16,50.9608006310702,7.5,"Bonn","AWI-CM-1-1-MR","ssp126",-7.844,15.0207
2073-04-16,2073,4,16,50.9608006310702,7.5,"Bonn","AWI-CM-1-1-MR","ssp126",4.1347,20.1567
2073-05-16,2073,5,16,50.9608006310702,7.5,"Bonn","AWI-CM-1-1-MR","ssp126",7.1272,26.2144
2073-06-16,2073,6,16,50.9608006310702,7.5,"Bonn","AWI-CM-1-1-MR","ssp126",6.7472,25.2825
2073-07-16,2073,7,16,50.9608006310702,7.5,"Bonn","AWI-CM-1-1-MR","ssp126",12.6663,27.1559
2073-08-16,2073,8,16,50.9608006310702,7.5,"Bonn","AWI-CM-1-1-MR","ssp126",11.4374,31.4833
2073-09-16,2073,9,16,50.9608006310702,7.5,"Bonn","AWI-CM-1-1-MR","ssp126",9.3945,28.882
2073-10-16,2073,10,16,50.9608006310702,7.5,"Bonn","AWI-CM-1-1-MR","ssp126",5.3347,25.472
2073-11-16,2073,11,16,50.9608006310702,7.5,"Bonn","AWI-CM-1-1-MR","ssp126",0.4015,12.447
2073-12-16,2073,12,16,50.9608006310702,7.5,"Bonn","AWI-CM-1-1-MR","ssp126",-1.4635,12.0345
2074-01-16,2074,1,16,50.9608006310702,7.5,"Bonn","AWI-CM-1-1-MR","ssp126",-6.2854,10.9363
2074-02-15,2074,2,15,50.9608006310702,7.5,"Bonn","AWI-CM-1-1-MR","ssp126",-4.0478,7.4019
2074-03-16,2074,3,16,50.9608006310702,7.5,"Bonn","AWI-CM-1-1-MR","ssp126",-5.7676,13.6414
2074-04-16,2074,4,16,50.9608006310702,7.5,"Bonn","AWI-CM-1-1-MR","ssp126",-2.5378,16.4409
2074-05-16,2074,5,16,50.9608006310702,7.5,"Bonn","AWI-CM-1-1-MR","ssp126",3.3516,21.2866
2074-06-16,2074,6,16,50.9608006310702,7.5,"Bonn","AWI-CM-1-1-MR","ssp126",10.1304,23.7172
2074-07-16,2074,7,16,50.9608006310702,7.5,"Bonn","AWI-CM-1-1-MR","ssp126",11.7478,29.0712
2074-08-16,2074,8,16,50.9608006310702,7.5,"Bonn","AWI-CM-1-1-MR","ssp126",11.9687,28.46
2074-09-16,2074,9,16,50.9608006310702,7.5,"Bonn","AWI-CM-1-1-MR","ssp126",7.9103,20.5277
2074-10-16,2074,10,16,50.9608006310702,7.5,"Bonn","AWI-CM-1-1-MR","ssp126",3.9349,17.4489
2074-11-16,2074,11,16,50.9608006310702,7.5,"Bonn","AWI-CM-1-1-MR","ssp126",-3.2434,12.9142
2074-12-16,2074,12,16,50.9608006310702,7.5,"Bonn","AWI-CM-1-1-MR","ssp126",-5.5789,10.0411
2075-01-16,2075,1,16,50.9608006310702,7.5,"Bonn","AWI-CM-1-1-MR","ssp126",-7.0918,10.4081
2075-02-15,2075,2,15,50.9608006310702,7.5,"Bonn","AWI-CM-1-1-MR","ssp126",-6.2425,9.0845
2075-03-16,2075,3,16,50.9608006310702,7.5,"Bonn","AWI-CM-1-1-MR","ssp126",-9.4917,15.7629
2075-04-16,2075,4,16,50.9608006310702,7.5,"Bonn","AWI-CM-1-1-MR","ssp126",2.2533,17.5981
2075-05-16,2075,5,16,50.9608006310702,7.5,"Bonn","AWI-CM-1-1-MR","ssp126",5.1793,25.0183
2075-06-16,2075,6,16,50.9608006310702,7.5,"Bonn","AWI-CM-1-1-MR","ssp126",7.333,27.49
2075-07-16,2075,7,16,50.9608006310702,7.5,"Bonn","AWI-CM-1-1-MR","ssp126",10.4293,28.9002
2075-08-16,2075,8,16,50.9608006310702,7.5,"Bonn","AWI-CM-1-1-MR","ssp126",10.3327,27.0232
2075-09-16,2075,9,16,50.9608006310702,7.5,"Bonn","AWI-CM-1-1-MR","ssp126",8.4557,26.6917
2075-10-16,2075,10,16,50.9608006310702,7.5,"Bonn","AWI-CM-1-1-MR","ssp126",5.967,21.9763
2075-11-16,2075,11,16,50.9608006310702,7.5,"Bonn","AWI-CM-1-1-MR","ssp126",-3.6625,16.4507
2075-12-16,2075,12,16,50.9608006310702,7.5,"Bonn","AWI-CM-1-1-MR","ssp126",-2.2522,12.6588
2076-01-16,2076,1,16,50.9608006310702,7.5,"Bonn","AWI-CM-1-1-MR","ssp126",-11.2149,9.7817
2076-02-15,2076,2,15,50.9608006310702,7.5,"Bonn","AWI-CM-1-1-MR","ssp126",-5.9666,10.7493
2076-03-16,2076,3,16,50.9608006310702,7.5,"Bonn","AWI-CM-1-1-MR","ssp126",-1.8487,9.7704
2076-04-16,2076,4,16,50.9608006310702,7.5,"Bonn","AWI-CM-1-1-MR","ssp126",-1.6881,16.0919
2076-05-16,2076,5,16,50.9608006310702,7.5,"Bonn","AWI-CM-1-1-MR","ssp126",1.4299,27.5902
2076-06-16,2076,6,16,50.9608006310702,7.5,"Bonn","AWI-CM-1-1-MR","ssp126",7.7242,26.4274
2076-07-16,2076,7,16,50.9608006310702,7.5,"Bonn","AWI-CM-1-1-MR","ssp126",13.2125,30.7944
2076-08-16,2076,8,16,50.9608006310702,7.5,"Bonn","AWI-CM-1-1-MR","ssp126",12.2705,30.5499
2076-09-16,2076,9,16,50.9608006310702,7.5,"Bonn","AWI-CM-1-1-MR","ssp126",6.611,27.7909
2076-10-16,2076,10,16,50.9608006310702,7.5,"Bonn","AWI-CM-1-1-MR","ssp126",2.834,17.9821
2076-11-16,2076,11,16,50.9608006310702,7.5,"Bonn","AWI-CM-1-1-MR","ssp126",-7.1907,16.2908
2076-12-16,2076,12,16,50.9608006310702,7.5,"Bonn","AWI-CM-1-1-MR","ssp126",-3.3696,12.7552
2077-01-16,2077,1,16,50.9608006310702,7.5,"Bonn","AWI-CM-1-1-MR","ssp126",-2.8095,12.4401
2077-02-15,2077,2,15,50.9608006310702,7.5,"Bonn","AWI-CM-1-1-MR","ssp126",-5.9004,10.1938
2077-03-16,2077,3,16,50.9608006310702,7.5,"Bonn","AWI-CM-1-1-MR","ssp126",-1.9361,17.8399
2077-04-16,2077,4,16,50.9608006310702,7.5,"Bonn","AWI-CM-1-1-MR","ssp126",0.3442,15.9228
2077-05-16,2077,5,16,50.9608006310702,7.5,"Bonn","AWI-CM-1-1-MR","ssp126",4.3677,22.3132
2077-06-16,2077,6,16,50.9608006310702,7.5,"Bonn","AWI-CM-1-1-MR","ssp126",6.2646,27.2953
2077-07-16,2077,7,16,50.9608006310702,7.5,"Bonn","AWI-CM-1-1-MR","ssp126",10.2194,29.872
2077-08-16,2077,8,16,50.9608006310702,7.5,"Bonn","AWI-CM-1-1-MR","ssp126",12.051,31.3946
2077-09-16,2077,9,16,50.9608006310702,7.5,"Bonn","AWI-CM-1-1-MR","ssp126",8.5906,28.0397
2077-10-16,2077,10,16,50.9608006310702,7.5,"Bonn","AWI-CM-1-1-MR","ssp126",3.6503,16.7153
2077-11-16,2077,11,16,50.9608006310702,7.5,"Bonn","AWI-CM-1-1-MR","ssp126",-4.7793,16.5041
2077-12-16,2077,12,16,50.9608006310702,7.5,"Bonn","AWI-CM-1-1-MR","ssp126",-4.7139,11.9869
2078-01-16,2078,1,16,50.9608006310702,7.5,"Bonn","AWI-CM-1-1-MR","ssp126",-8.0912,10.9336
2078-02-15,2078,2,15,50.9608006310702,7.5,"Bonn","AWI-CM-1-1-MR","ssp126",-4.685,12.4467
2078-03-16,2078,3,16,50.9608006310702,7.5,"Bonn","AWI-CM-1-1-MR","ssp126",-6.4899,14.0495
2078-04-16,2078,4,16,50.9608006310702,7.5,"Bonn","AWI-CM-1-1-MR","ssp126",1.4031,21.8536
2078-05-16,2078,5,16,50.9608006310702,7.5,"Bonn","AWI-CM-1-1-MR","ssp126",4.532,23.065
2078-06-16,2078,6,16,50.9608006310702,7.5,"Bonn","AWI-CM-1-1-MR","ssp126",10.9226,26.7166
2078-07-16,2078,7,16,50.9608006310702,7.5,"Bonn","AWI-CM-1-1-MR","ssp126",11.454,27.208
2078-08-16,2078,8,16,50.9608006310702,7.5,"Bonn","AWI-CM-1-1-MR","ssp126",11.2328,29.0223
2078-09-16,2078,9,16,50.9608006310702,7.5,"Bonn","AWI-CM-1-1-MR","ssp126",9.0009,25.3075
2078-10-16,2078,10,16,50.9608006310702,7.5,"Bonn","AWI-CM-1-1-MR","ssp126",-0.8004,16.4082
2078-11-16,2078,11,16,50.9608006310702,7.5,"Bonn","AWI-CM-1-1-MR","ssp126",-1.4731,13.9623
2078-12-16,2078,12,16,50.9608006310702,7.5,"Bonn","AWI-CM-1-1-MR","ssp126",-8.2183,11.1725
2079-01-16,2079,1,16,50.9608006310702,7.5,"Bonn","AWI-CM-1-1-MR","ssp126",-2.4709,10.6095
2079-02-15,2079,2,15,50.9608006310702,7.5,"Bonn","AWI-CM-1-1-MR","ssp126",-7.8546,9.5832
2079-03-16,2079,3,16,50.9608006310702,7.5,"Bonn","AWI-CM-1-1-MR","ssp126",-9.4322,16.5732
2079-04-16,2079,4,16,50.9608006310702,7.5,"Bonn","AWI-CM-1-1-MR","ssp126",-3.6037,16.9076
2079-05-16,2079,5,16,50.9608006310702,7.5,"Bonn","AWI-CM-1-1-MR","ssp126",0.74,24.8158
2079-06-16,2079,6,16,50.9608006310702,7.5,"Bonn","AWI-CM-1-1-MR","ssp126",8.8874,27.7938
2079-07-16,2079,7,16,50.9608006310702,7.5,"Bonn","AWI-CM-1-1-MR","ssp126",9.8256,27.8487
2079-08-16,2079,8,16,50.9608006310702,7.5,"Bonn","AWI-CM-1-1-MR","ssp126",11.1212,29.0697
2079-09-16,2079,9,16,50.9608006310702,7.5,"Bonn","AWI-CM-1-1-MR","ssp126",8.2633,27.9237
2079-10-16,2079,10,16,50.9608006310702,7.5,"Bonn","AWI-CM-1-1-MR","ssp126",-0.5011,23.0456
2079-11-16,2079,11,16,50.9608006310702,7.5,"Bonn","AWI-CM-1-1-MR","ssp126",-4.6997,14.1601
2079-12-16,2079,12,16,50.9608006310702,7.5,"Bonn","AWI-CM-1-1-MR","ssp126",-11.0468,11.3966
2080-01-16,2080,1,16,50.9608006310702,7.5,"Bonn","AWI-CM-1-1-MR","ssp126",-15.0367,11.3986
2080-02-15,2080,2,15,50.9608006310702,7.5,"Bonn","AWI-CM-1-1-MR","ssp126",-5.4981,11.0014
2080-03-16,2080,3,16,50.9608006310702,7.5,"Bonn","AWI-CM-1-1-MR","ssp126",-5.8849,17.1366
2080-04-16,2080,4,16,50.9608006310702,7.5,"Bonn","AWI-CM-1-1-MR","ssp126",-1.9296,20.9168
2080-05-16,2080,5,16,50.9608006310702,7.5,"Bonn","AWI-CM-1-1-MR","ssp126",3.4796,24.0087
2080-06-16,2080,6,16,50.9608006310702,7.5,"Bonn","AWI-CM-1-1-MR","ssp126",8.7134,26.2077
2080-07-16,2080,7,16,50.9608006310702,7.5,"Bonn","AWI-CM-1-1-MR","ssp126",10.1656,28.9815
2080-08-16,2080,8,16,50.9608006310702,7.5,"Bonn","AWI-CM-1-1-MR","ssp126",11.3631,27.2123
2080-09-16,2080,9,16,50.9608006310702,7.5,"Bonn","AWI-CM-1-1-MR","ssp126",10.0452,23.9177
2080-10-16,2080,10,16,50.9608006310702,7.5,"Bonn","AWI-CM-1-1-MR","ssp126",0.5116,17.3018
2080-11-16,2080,11,16,50.9608006310702,7.5,"Bonn","AWI-CM-1-1-MR","ssp126",2.5233,15.5505
2080-12-16,2080,12,16,50.9608006310702,7.5,"Bonn","AWI-CM-1-1-MR","ssp126",-4.3703,11.3991
2081-01-16,2081,1,16,50.9608006310702,7.5,"Bonn","AWI-CM-1-1-MR","ssp126",-12.5335,12.0148
2081-02-15,2081,2,15,50.9608006310702,7.5,"Bonn","AWI-CM-1-1-MR","ssp126",-11.0273,10.365
2081-03-16,2081,3,16,50.9608006310702,7.5,"Bonn","AWI-CM-1-1-MR","ssp126",-10.4443,17.1782
2081-04-16,2081,4,16,50.9608006310702,7.5,"Bonn","AWI-CM-1-1-MR","ssp126",0.8836,25.7737
2081-05-16,2081,5,16,50.9608006310702,7.5,"Bonn","AWI-CM-1-1-MR","ssp126",2.1589,25.3749
2081-06-16,2081,6,16,50.9608006310702,7.5,"Bonn","AWI-CM-1-1-MR","ssp126",8.4512,25.1272
2081-07-16,2081,7,16,50.9608006310702,7.5,"Bonn","AWI-CM-1-1-MR","ssp126",9.6417,28.8769
2081-08-16,2081,8,16,50.9608006310702,7.5,"Bonn","AWI-CM-1-1-MR","ssp126",8.7816,30.1556
2081-09-16,2081,9,16,50.9608006310702,7.5,"Bonn","AWI-CM-1-1-MR","ssp126",2.9459,27.5115
2081-10-16,2081,10,16,50.9608006310702,7.5,"Bonn","AWI-CM-1-1-MR","ssp126",4.9377,18.8602
2081-11-16,2081,11,16,50.9608006310702,7.5,"Bonn","AWI-CM-1-1-MR","ssp126",-0.6255,13.8846
2081-12-16,2081,12,16,50.9608006310702,7.5,"Bonn","AWI-CM-1-1-MR","ssp126",-13.1181,11.528
2082-01-16,2082,1,16,50.9608006310702,7.5,"Bonn","AWI-CM-1-1-MR","ssp126",-13.1997,9.0907
2082-02-15,2082,2,15,50.9608006310702,7.5,"Bonn","AWI-CM-1-1-MR","ssp126",-9.8105,11.5991
2082-03-16,2082,3,16,50.9608006310702,7.5,"Bonn","AWI-CM-1-1-MR","ssp126",-3.0951,12.3883
2082-04-16,2082,4,16,50.9608006310702,7.5,"Bonn","AWI-CM-1-1-MR","ssp126",-6.5071,15.6997
2082-05-16,2082,5,16,50.9608006310702,7.5,"Bonn","AWI-CM-1-1-MR","ssp126",7.4229,25.6363
2082-06-16,2082,6,16,50.9608006310702,7.5,"Bonn","AWI-CM-1-1-MR","ssp126",9.6544,25.5095
2082-07-16,2082,7,16,50.9608006310702,7.5,"Bonn","AWI-CM-1-1-MR","ssp126",10.2994,27.163
2082-08-16,2082,8,16,50.9608006310702,7.5,"Bonn","AWI-CM-1-1-MR","ssp126",8.392,29.2886
2082-09-16,2082,9,16,50.9608006310702,7.5,"Bonn","AWI-CM-1-1-MR","ssp126",7.6871,23.1456
2082-10-16,2082,10,16,50.9608006310702,7.5,"Bonn","AWI-CM-1-1-MR","ssp126",3.4833,18.753
2082-11-16,2082,11,16,50.9608006310702,7.5,"Bonn","AWI-CM-1-1-MR","ssp126",-4.5475,16.422
2082-12-16,2082,12,16,50.9608006310702,7.5,"Bonn","AWI-CM-1-1-MR","ssp126",-7.3041,11.1911
2083-01-16,2083,1,16,50.9608006310702,7.5,"Bonn","AWI-CM-1-1-MR","ssp126",-5.9778,10.5303
2083-02-15,2083,2,15,50.9608006310702,7.5,"Bonn","AWI-CM-1-1-MR","ssp126",-11.0563,6.9586
2083-03-16,2083,3,16,50.9608006310702,7.5,"Bonn","AWI-CM-1-1-MR","ssp126",-5.3588,14.3543
2083-04-16,2083,4,16,50.9608006310702,7.5,"Bonn","AWI-CM-1-1-MR","ssp126",-2.3496,16.8539
2083-05-16,2083,5,16,50.9608006310702,7.5,"Bonn","AWI-CM-1-1-MR","ssp126",0.1016,19.6553
2083-06-16,2083,6,16,50.9608006310702,7.5,"Bonn","AWI-CM-1-1-MR","ssp126",8.701,24.376
2083-07-16,2083,7,16,50.9608006310702,7.5,"Bonn","AWI-CM-1-1-MR","ssp126",12.2115,27.4396
2083-08-16,2083,8,16,50.9608006310702,7.5,"Bonn","AWI-CM-1-1-MR","ssp126",10.1945,27.8308
2083-09-16,2083,9,16,50.9608006310702,7.5,"Bonn","AWI-CM-1-1-MR","ssp126",6.5195,26.6639
2083-10-16,2083,10,16,50.9608006310702,7.5,"Bonn","AWI-CM-1-1-MR","ssp126",1.3556,16.4167
2083-11-16,2083,11,16,50.9608006310702,7.5,"Bonn","AWI-CM-1-1-MR","ssp126",-7.059,13.926
2083-12-16,2083,12,16,50.9608006310702,7.5,"Bonn","AWI-CM-1-1-MR","ssp126",-12.523,10.4801
2084-01-16,2084,1,16,50.9608006310702,7.5,"Bonn","AWI-CM-1-1-MR","ssp126",-5.8075,12.744
2084-02-15,2084,2,15,50.9608006310702,7.5,"Bonn","AWI-CM-1-1-MR","ssp126",-6.1695,12.046
2084-03-16,2084,3,16,50.9608006310702,7.5,"Bonn","AWI-CM-1-1-MR","ssp126",-3.9038,15.5105
2084-04-16,2084,4,16,50.9608006310702,7.5,"Bonn","AWI-CM-1-1-MR","ssp126",-0.0171,22.2072
2084-05-16,2084,5,16,50.9608006310702,7.5,"Bonn","AWI-CM-1-1-MR","ssp126",5.7117,24.1356
2084-06-16,2084,6,16,50.9608006310702,7.5,"Bonn","AWI-CM-1-1-MR","ssp126",5.7422,27.0132
2084-07-16,2084,7,16,50.9608006310702,7.5,"Bonn","AWI-CM-1-1-MR","ssp126",10.7801,25.2969
2084-08-16,2084,8,16,50.9608006310702,7.5,"Bonn","AWI-CM-1-1-MR","ssp126",10.8705,26.8505
2084-09-16,2084,9,16,50.9608006310702,7.5,"Bonn","AWI-CM-1-1-MR","ssp126",6.3796,27.2779
2084-10-16,2084,10,16,50.9608006310702,7.5,"Bonn","AWI-CM-1-1-MR","ssp126",-0.359,18.3329
2084-11-16,2084,11,16,50.9608006310702,7.5,"Bonn","AWI-CM-1-1-MR","ssp126",-6.3278,13.7534
2084-12-16,2084,12,16,50.9608006310702,7.5,"Bonn","AWI-CM-1-1-MR","ssp126",-4.522,14.3241
2085-01-16,2085,1,16,50.9608006310702,7.5,"Bonn","AWI-CM-1-1-MR","ssp126",-11.4842,11.432
2085-02-15,2085,2,15,50.9608006310702,7.5,"Bonn","AWI-CM-1-1-MR","ssp126",-6.6345,11.0974
2085-03-16,2085,3,16,50.9608006310702,7.5,"Bonn","AWI-CM-1-1-MR","ssp126",-2.1785,17.0172
2085-04-16,2085,4,16,50.9608006310702,7.5,"Bonn","AWI-CM-1-1-MR","ssp126",-1.1661,16.5559
2085-05-16,2085,5,16,50.9608006310702,7.5,"Bonn","AWI-CM-1-1-MR","ssp126",3.5546,22.62
2085-06-16,2085,6,16,50.9608006310702,7.5,"Bonn","AWI-CM-1-1-MR","ssp126",10.176,27.2506
2085-07-16,2085,7,16,50.9608006310702,7.5,"Bonn","AWI-CM-1-1-MR","ssp126",9.9402,28.1313
2085-08-16,2085,8,16,50.9608006310702,7.5,"Bonn","AWI-CM-1-1-MR","ssp126",11.6506,28.2573
2085-09-16,2085,9,16,50.9608006310702,7.5,"Bonn","AWI-CM-1-1-MR","ssp126",8.8074,28.3617
2085-10-16,2085,10,16,50.9608006310702,7.5,"Bonn","AWI-CM-1-1-MR","ssp126",0.4283,19.9709
2085-11-16,2085,11,16,50.9608006310702,7.5,"Bonn","AWI-CM-1-1-MR","ssp126",2.1788,14.7751
2085-12-16,2085,12,16,50.9608006310702,7.5,"Bonn","AWI-CM-1-1-MR","ssp126",-8.9212,12.1965
2086-01-16,2086,1,16,50.9608006310702,7.5,"Bonn","AWI-CM-1-1-MR","ssp126",-5.2134,12.1837
2086-02-15,2086,2,15,50.9608006310702,7.5,"Bonn","AWI-CM-1-1-MR","ssp126",-5.2261,13.5207
2086-03-16,2086,3,16,50.9608006310702,7.5,"Bonn","AWI-CM-1-1-MR","ssp126",3.3802,16.8471
2086-04-16,2086,4,16,50.9608006310702,7.5,"Bonn","AWI-CM-1-1-MR","ssp126",-2.3451,15.9536
2086-05-16,2086,5,16,50.9608006310702,7.5,"Bonn","AWI-CM-1-1-MR","ssp126",3.4854,24.3011
2086-06-16,2086,6,16,50.9608006310702,7.5,"Bonn","AWI-CM-1-1-MR","ssp126",9.5346,26.8695
2086-07-16,2086,7,16,50.9608006310702,7.5,"Bonn","AWI-CM-1-1-MR","ssp126",11.351,26.2505
2086-08-16,2086,8,16,50.9608006310702,7.5,"Bonn","AWI-CM-1-1-MR","ssp126",12.6387,29.1113
2086-09-16,2086,9,16,50.9608006310702,7.5,"Bonn","AWI-CM-1-1-MR","ssp126",8.982,29.5024
2086-10-16,2086,10,16,50.9608006310702,7.5,"Bonn","AWI-CM-1-1-MR","ssp126",4.8455,20.5091
2086-11-16,2086,11,16,50.9608006310702,7.5,"Bonn","AWI-CM-1-1-MR","ssp126",0.1596,17.5244
2086-12-16,2086,12,16,50.9608006310702,7.5,"Bonn","AWI-CM-1-1-MR","ssp126",-1.2385,13.5465
2087-01-16,2087,1,16,50.9608006310702,7.5,"Bonn","AWI-CM-1-1-MR","ssp126",-5.0477,10.1775
2087-02-15,2087,2,15,50.9608006310702,7.5,"Bonn","AWI-CM-1-1-MR","ssp126",-2.5749,11.4253
2087-03-16,2087,3,16,50.9608006310702,7.5,"Bonn","AWI-CM-1-1-MR","ssp126",-3.0276,13.9883
2087-04-16,2087,4,16,50.9608006310702,7.5,"Bonn","AWI-CM-1-1-MR","ssp126",0.8523,17.4806
2087-05-16,2087,5,16,50.9608006310702,7.5,"Bonn","AWI-CM-1-1-MR","ssp126",3.8855,21.7332
2087-06-16,2087,6,16,50.9608006310702,7.5,"Bonn","AWI-CM-1-1-MR","ssp126",8.6552,27.0163
2087-07-16,2087,7,16,50.9608006310702,7.5,"Bonn","AWI-CM-1-1-MR","ssp126",10.1417,28.093
2087-08-16,2087,8,16,50.9608006310702,7.5,"Bonn","AWI-CM-1-1-MR","ssp126",10.5902,26.7531
2087-09-16,2087,9,16,50.9608006310702,7.5,"Bonn","AWI-CM-1-1-MR","ssp126",7.7154,26.2659
2087-10-16,2087,10,16,50.9608006310702,7.5,"Bonn","AWI-CM-1-1-MR","ssp126",3.6608,23.2497
2087-11-16,2087,11,16,50.9608006310702,7.5,"Bonn","AWI-CM-1-1-MR","ssp126",-3.532,13.108
2087-12-16,2087,12,16,50.9608006310702,7.5,"Bonn","AWI-CM-1-1-MR","ssp126",-5.4222,10.7738
2088-01-16,2088,1,16,50.9608006310702,7.5,"Bonn","AWI-CM-1-1-MR","ssp126",-1.23,13.3267
2088-02-15,2088,2,15,50.9608006310702,7.5,"Bonn","AWI-CM-1-1-MR","ssp126",-10.81,10.5705
2088-03-16,2088,3,16,50.9608006310702,7.5,"Bonn","AWI-CM-1-1-MR","ssp126",-7.7742,12.4792
2088-04-16,2088,4,16,50.9608006310702,7.5,"Bonn","AWI-CM-1-1-MR","ssp126",0.4066,18.8953
2088-05-16,2088,5,16,50.9608006310702,7.5,"Bonn","AWI-CM-1-1-MR","ssp126",-0.3243,27.4403
2088-06-16,2088,6,16,50.9608006310702,7.5,"Bonn","AWI-CM-1-1-MR","ssp126",7.9518,23.1263
2088-07-16,2088,7,16,50.9608006310702,7.5,"Bonn","AWI-CM-1-1-MR","ssp126",12.0382,27.5731
2088-08-16,2088,8,16,50.9608006310702,7.5,"Bonn","AWI-CM-1-1-MR","ssp126",10.103,30.2024
2088-09-16,2088,9,16,50.9608006310702,7.5,"Bonn","AWI-CM-1-1-MR","ssp126",8.6525,25.7877
2088-10-16,2088,10,16,50.9608006310702,7.5,"Bonn","AWI-CM-1-1-MR","ssp126",3.4895,26.2396
2088-11-16,2088,11,16,50.9608006310702,7.5,"Bonn","AWI-CM-1-1-MR","ssp126",1.4921,13.9427
2088-12-16,2088,12,16,50.9608006310702,7.5,"Bonn","AWI-CM-1-1-MR","ssp126",-2.5814,10.8429
2089-01-16,2089,1,16,50.9608006310702,7.5,"Bonn","AWI-CM-1-1-MR","ssp126",-8.5026,11.9022
2089-02-15,2089,2,15,50.9608006310702,7.5,"Bonn","AWI-CM-1-1-MR","ssp126",-8.2664,13.7238
2089-03-16,2089,3,16,50.9608006310702,7.5,"Bonn","AWI-CM-1-1-MR","ssp126",-0.3651,15.9275
2089-04-16,2089,4,16,50.9608006310702,7.5,"Bonn","AWI-CM-1-1-MR","ssp126",-0.6457,16.363
2089-05-16,2089,5,16,50.9608006310702,7.5,"Bonn","AWI-CM-1-1-MR","ssp126",1.4016,18.6871
2089-06-16,2089,6,16,50.9608006310702,7.5,"Bonn","AWI-CM-1-1-MR","ssp126",9.1084,26.4785
2089-07-16,2089,7,16,50.9608006310702,7.5,"Bonn","AWI-CM-1-1-MR","ssp126",11.9888,24.2036
2089-08-16,2089,8,16,50.9608006310702,7.5,"Bonn","AWI-CM-1-1-MR","ssp126",8.785,27.6916
2089-09-16,2089,9,16,50.9608006310702,7.5,"Bonn","AWI-CM-1-1-MR","ssp126",4.8578,25.6707
2089-10-16,2089,10,16,50.9608006310702,7.5,"Bonn","AWI-CM-1-1-MR","ssp126",1.8507,18.7672
2089-11-16,2089,11,16,50.9608006310702,7.5,"Bonn","AWI-CM-1-1-MR","ssp126",-5.6126,13.7452
2089-12-16,2089,12,16,50.9608006310702,7.5,"Bonn","AWI-CM-1-1-MR","ssp126",-8.0987,12.3391
2090-01-16,2090,1,16,50.9608006310702,7.5,"Bonn","AWI-CM-1-1-MR","ssp126",-9.0863,9.8655
2090-02-15,2090,2,15,50.9608006310702,7.5,"Bonn","AWI-CM-1-1-MR","ssp126",-7.3388,11.2345
2090-03-16,2090,3,16,50.9608006310702,7.5,"Bonn","AWI-CM-1-1-MR","ssp126",-5.8077,11.3689
2090-04-16,2090,4,16,50.9608006310702,7.5,"Bonn","AWI-CM-1-1-MR","ssp126",0.5479,20.385
2090-05-16,2090,5,16,50.9608006310702,7.5,"Bonn","AWI-CM-1-1-MR","ssp126",1.8938,19.1867
2090-06-16,2090,6,16,50.9608006310702,7.5,"Bonn","AWI-CM-1-1-MR","ssp126",6.0945,27.445
2090-07-16,2090,7,16,50.9608006310702,7.5,"Bonn","AWI-CM-1-1-MR","ssp126",10.9815,26.8549
2090-08-16,2090,8,16,50.9608006310702,7.5,"Bonn","AWI-CM-1-1-MR","ssp126",12.7537,29.0251
2090-09-16,2090,9,16,50.9608006310702,7.5,"Bonn","AWI-CM-1-1-MR","ssp126",7.9333,30.525
2090-10-16,2090,10,16,50.9608006310702,7.5,"Bonn","AWI-CM-1-1-MR","ssp126",2.8174,26.8475
2090-11-16,2090,11,16,50.9608006310702,7.5,"Bonn","AWI-CM-1-1-MR","ssp126",2.4455,14.22
2090-12-16,2090,12,16,50.9608006310702,7.5,"Bonn","AWI-CM-1-1-MR","ssp126",-2.3207,12.305
2091-01-16,2091,1,16,50.9608006310702,7.5,"Bonn","AWI-CM-1-1-MR","ssp126",-14.343,11.6859
2091-02-15,2091,2,15,50.9608006310702,7.5,"Bonn","AWI-CM-1-1-MR","ssp126",-2.4532,14.8074
2091-03-16,2091,3,16,50.9608006310702,7.5,"Bonn","AWI-CM-1-1-MR","ssp126",-8.2388,17.055
2091-04-16,2091,4,16,50.9608006310702,7.5,"Bonn","AWI-CM-1-1-MR","ssp126",-0.6039,16.2718
2091-05-16,2091,5,16,50.9608006310702,7.5,"Bonn","AWI-CM-1-1-MR","ssp126",4.923,20.7374
2091-06-16,2091,6,16,50.9608006310702,7.5,"Bonn","AWI-CM-1-1-MR","ssp126",9.9381,27.9685
2091-07-16,2091,7,16,50.9608006310702,7.5,"Bonn","AWI-CM-1-1-MR","ssp126",11.6643,25.4414
2091-08-16,2091,8,16,50.9608006310702,7.5,"Bonn","AWI-CM-1-1-MR","ssp126",9.8046,28.7564
2091-09-16,2091,9,16,50.9608006310702,7.5,"Bonn","AWI-CM-1-1-MR","ssp126",7.3807,28.9557
2091-10-16,2091,10,16,50.9608006310702,7.5,"Bonn","AWI-CM-1-1-MR","ssp126",1.6621,25.429
2091-11-16,2091,11,16,50.9608006310702,7.5,"Bonn","AWI-CM-1-1-MR","ssp126",-1.2546,13.6941
2091-12-16,2091,12,16,50.9608006310702,7.5,"Bonn","AWI-CM-1-1-MR","ssp126",0.6259,14.4848
2092-01-16,2092,1,16,50.9608006310702,7.5,"Bonn","AWI-CM-1-1-MR","ssp126",-6.7631,11.5169
2092-02-15,2092,2,15,50.9608006310702,7.5,"Bonn","AWI-CM-1-1-MR","ssp126",-9.6285,10.2223
2092-03-16,2092,3,16,50.9608006310702,7.5,"Bonn","AWI-CM-1-1-MR","ssp126",-0.3495,15.4087
2092-04-16,2092,4,16,50.9608006310702,7.5,"Bonn","AWI-CM-1-1-MR","ssp126",0.8047,16.8165
2092-05-16,2092,5,16,50.9608006310702,7.5,"Bonn","AWI-CM-1-1-MR","ssp126",0.9901,24.1747
2092-06-16,2092,6,16,50.9608006310702,7.5,"Bonn","AWI-CM-1-1-MR","ssp126",5.01,26.0228
2092-07-16,2092,7,16,50.9608006310702,7.5,"Bonn","AWI-CM-1-1-MR","ssp126",10.1757,30.1537
2092-08-16,2092,8,16,50.9608006310702,7.5,"Bonn","AWI-CM-1-1-MR","ssp126",12.2407,26.6397
2092-09-16,2092,9,16,50.9608006310702,7.5,"Bonn","AWI-CM-1-1-MR","ssp126",8.5633,29.8274
2092-10-16,2092,10,16,50.9608006310702,7.5,"Bonn","AWI-CM-1-1-MR","ssp126",6.7638,19.6581
2092-11-16,2092,11,16,50.9608006310702,7.5,"Bonn","AWI-CM-1-1-MR","ssp126",0.1039,13.9686
2092-12-16,2092,12,16,50.9608006310702,7.5,"Bonn","AWI-CM-1-1-MR","ssp126",-3.9987,10.8472
2093-01-16,2093,1,16,50.9608006310702,7.5,"Bonn","AWI-CM-1-1-MR","ssp126",-0.3594,11.0562
2093-02-15,2093,2,15,50.9608006310702,7.5,"Bonn","AWI-CM-1-1-MR","ssp126",-3.6628,12.2656
2093-03-16,2093,3,16,50.9608006310702,7.5,"Bonn","AWI-CM-1-1-MR","ssp126",-3.4293,13.1242
2093-04-16,2093,4,16,50.9608006310702,7.5,"Bonn","AWI-CM-1-1-MR","ssp126",-2.9814,19.499
2093-05-16,2093,5,16,50.9608006310702,7.5,"Bonn","AWI-CM-1-1-MR","ssp126",2.413,25.0666
2093-06-16,2093,6,16,50.9608006310702,7.5,"Bonn","AWI-CM-1-1-MR","ssp126",6.809,27.2974
2093-07-16,2093,7,16,50.9608006310702,7.5,"Bonn","AWI-CM-1-1-MR","ssp126",9.4165,27.7379
2093-08-16,2093,8,16,50.9608006310702,7.5,"Bonn","AWI-CM-1-1-MR","ssp126",8.9048,27.6447
2093-09-16,2093,9,16,50.9608006310702,7.5,"Bonn","AWI-CM-1-1-MR","ssp126",8.2194,25.9654
2093-10-16,2093,10,16,50.9608006310702,7.5,"Bonn","AWI-CM-1-1-MR","ssp126",-0.1776,25.3977
2093-11-16,2093,11,16,50.9608006310702,7.5,"Bonn","AWI-CM-1-1-MR","ssp126",-3.3814,15.5068
2093-12-16,2093,12,16,50.9608006310702,7.5,"Bonn","AWI-CM-1-1-MR","ssp126",-4.978,12.0899
2094-01-16,2094,1,16,50.9608006310702,7.5,"Bonn","AWI-CM-1-1-MR","ssp126",-8.074,9.4673
2094-02-15,2094,2,15,50.9608006310702,7.5,"Bonn","AWI-CM-1-1-MR","ssp126",-7.0045,10.3592
2094-03-16,2094,3,16,50.9608006310702,7.5,"Bonn","AWI-CM-1-1-MR","ssp126",-1.4324,17.7543
2094-04-16,2094,4,16,50.9608006310702,7.5,"Bonn","AWI-CM-1-1-MR","ssp126",2.9333,24.5318
2094-05-16,2094,5,16,50.9608006310702,7.5,"Bonn","AWI-CM-1-1-MR","ssp126",6.4427,23.6477
2094-06-16,2094,6,16,50.9608006310702,7.5,"Bonn","AWI-CM-1-1-MR","ssp126",11.0173,26.1764
2094-07-16,2094,7,16,50.9608006310702,7.5,"Bonn","AWI-CM-1-1-MR","ssp126",11.5458,23.8441
2094-08-16,2094,8,16,50.9608006310702,7.5,"Bonn","AWI-CM-1-1-MR","ssp126",10.2266,26.1025
2094-09-16,2094,9,16,50.9608006310702,7.5,"Bonn","AWI-CM-1-1-MR","ssp126",9.199,26.1434
2094-10-16,2094,10,16,50.9608006310702,7.5,"Bonn","AWI-CM-1-1-MR","ssp126",4.8895,21.5994
2094-11-16,2094,11,16,50.9608006310702,7.5,"Bonn","AWI-CM-1-1-MR","ssp126",-3.7715,14.0968
2094-12-16,2094,12,16,50.9608006310702,7.5,"Bonn","AWI-CM-1-1-MR","ssp126",-7.4521,12.4933
2095-01-16,2095,1,16,50.9608006310702,7.5,"Bonn","AWI-CM-1-1-MR","ssp126",-8.8947,12.113
2095-02-15,2095,2,15,50.9608006310702,7.5,"Bonn","AWI-CM-1-1-MR","ssp126",-13.9635,11.9841
2095-03-16,2095,3,16,50.9608006310702,7.5,"Bonn","AWI-CM-1-1-MR","ssp126",-7.1256,18.1252
2095-04-16,2095,4,16,50.9608006310702,7.5,"Bonn","AWI-CM-1-1-MR","ssp126",-4.2593,22.1502
2095-05-16,2095,5,16,50.9608006310702,7.5,"Bonn","AWI-CM-1-1-MR","ssp126",3.2458,21.372
2095-06-16,2095,6,16,50.9608006310702,7.5,"Bonn","AWI-CM-1-1-MR","ssp126",7.3777,24.9704
2095-07-16,2095,7,16,50.9608006310702,7.5,"Bonn","AWI-CM-1-1-MR","ssp126",9.0582,28.9433
2095-08-16,2095,8,16,50.9608006310702,7.5,"Bonn","AWI-CM-1-1-MR","ssp126",10.0684,25.4369
2095-09-16,2095,9,16,50.9608006310702,7.5,"Bonn","AWI-CM-1-1-MR","ssp126",6.848,25.6239
2095-10-16,2095,10,16,50.9608006310702,7.5,"Bonn","AWI-CM-1-1-MR","ssp126",4.6912,22.3298
2095-11-16,2095,11,16,50.9608006310702,7.5,"Bonn","AWI-CM-1-1-MR","ssp126",3.2295,14.888
2095-12-16,2095,12,16,50.9608006310702,7.5,"Bonn","AWI-CM-1-1-MR","ssp126",-6.3501,12.5214
2096-01-16,2096,1,16,50.9608006310702,7.5,"Bonn","AWI-CM-1-1-MR","ssp126",-10.2171,9.8201
2096-02-15,2096,2,15,50.9608006310702,7.5,"Bonn","AWI-CM-1-1-MR","ssp126",-7.9059,10.7951
2096-03-16,2096,3,16,50.9608006310702,7.5,"Bonn","AWI-CM-1-1-MR","ssp126",-3.3359,18.8319
2096-04-16,2096,4,16,50.9608006310702,7.5,"Bonn","AWI-CM-1-1-MR","ssp126",3.6972,22.6563
2096-05-16,2096,5,16,50.9608006310702,7.5,"Bonn","AWI-CM-1-1-MR","ssp126",4.3392,23.6482
2096-06-16,2096,6,16,50.9608006310702,7.5,"Bonn","AWI-CM-1-1-MR","ssp126",10.575,28.3206
2096-07-16,2096,7,16,50.9608006310702,7.5,"Bonn","AWI-CM-1-1-MR","ssp126",11.282,29.7465
2096-08-16,2096,8,16,50.9608006310702,7.5,"Bonn","AWI-CM-1-1-MR","ssp126",10.4333,30.6115
2096-09-16,2096,9,16,50.9608006310702,7.5,"Bonn","AWI-CM-1-1-MR","ssp126",8.7498,30.9736
2096-10-16,2096,10,16,50.9608006310702,7.5,"Bonn","AWI-CM-1-1-MR","ssp126",5.6541,21.0604
2096-11-16,2096,11,16,50.9608006310702,7.5,"Bonn","AWI-CM-1-1-MR","ssp126",-3.6358,15.3687
2096-12-16,2096,12,16,50.9608006310702,7.5,"Bonn","AWI-CM-1-1-MR","ssp126",0.3392,12.0659
2097-01-16,2097,1,16,50.9608006310702,7.5,"Bonn","AWI-CM-1-1-MR","ssp126",-13.9259,12.9246
2097-02-15,2097,2,15,50.9608006310702,7.5,"Bonn","AWI-CM-1-1-MR","ssp126",-10.3929,11.2302
2097-03-16,2097,3,16,50.9608006310702,7.5,"Bonn","AWI-CM-1-1-MR","ssp126",-0.6695,16.044
2097-04-16,2097,4,16,50.9608006310702,7.5,"Bonn","AWI-CM-1-1-MR","ssp126",2.0268,17.3125
2097-05-16,2097,5,16,50.9608006310702,7.5,"Bonn","AWI-CM-1-1-MR","ssp126",5.0136,24.007
2097-06-16,2097,6,16,50.9608006310702,7.5,"Bonn","AWI-CM-1-1-MR","ssp126",8.2518,27.821
2097-07-16,2097,7,16,50.9608006310702,7.5,"Bonn","AWI-CM-1-1-MR","ssp126",10.7618,33.0383
2097-08-16,2097,8,16,50.9608006310702,7.5,"Bonn","AWI-CM-1-1-MR","ssp126",12.3144,33.7647
2097-09-16,2097,9,16,50.9608006310702,7.5,"Bonn","AWI-CM-1-1-MR","ssp126",4.8348,25.9682
2097-10-16,2097,10,16,50.9608006310702,7.5,"Bonn","AWI-CM-1-1-MR","ssp126",-0.5744,16.488
2097-11-16,2097,11,16,50.9608006310702,7.5,"Bonn","AWI-CM-1-1-MR","ssp126",-5.5589,15.0424
2097-12-16,2097,12,16,50.9608006310702,7.5,"Bonn","AWI-CM-1-1-MR","ssp126",0.9724,13.2588
2098-01-16,2098,1,16,50.9608006310702,7.5,"Bonn","AWI-CM-1-1-MR","ssp126",-0.9872,11.126
2098-02-15,2098,2,15,50.9608006310702,7.5,"Bonn","AWI-CM-1-1-MR","ssp126",-7.7301,6.9331
2098-03-16,2098,3,16,50.9608006310702,7.5,"Bonn","AWI-CM-1-1-MR","ssp126",-8.2652,10.5379
2098-04-16,2098,4,16,50.9608006310702,7.5,"Bonn","AWI-CM-1-1-MR","ssp126",-0.8045,19.1869
2098-05-16,2098,5,16,50.9608006310702,7.5,"Bonn","AWI-CM-1-1-MR","ssp126",2.4941,20.8466
2098-06-16,2098,6,16,50.9608006310702,7.5,"Bonn","AWI-CM-1-1-MR","ssp126",11.0498,26.834
2098-07-16,2098,7,16,50.9608006310702,7.5,"Bonn","AWI-CM-1-1-MR","ssp126",12.8826,26.9661
2098-08-16,2098,8,16,50.9608006310702,7.5,"Bonn","AWI-CM-1-1-MR","ssp126",10.7176,27.6034
2098-09-16,2098,9,16,50.9608006310702,7.5,"Bonn","AWI-CM-1-1-MR","ssp126",7.9448,26.9455
2098-10-16,2098,10,16,50.9608006310702,7.5,"Bonn","AWI-CM-1-1-MR","ssp126",4.2945,15.8659
2098-11-16,2098,11,16,50.9608006310702,7.5,"Bonn","AWI-CM-1-1-MR","ssp126",3.3189,14.6556
2098-12-16,2098,12,16,50.9608006310702,7.5,"Bonn","AWI-CM-1-1-MR","ssp126",-7.5167,13.0771
2099-01-16,2099,1,16,50.9608006310702,7.5,"Bonn","AWI-CM-1-1-MR","ssp126",-10.0335,12.6442
2099-02-15,2099,2,15,50.9608006310702,7.5,"Bonn","AWI-CM-1-1-MR","ssp126",-7.7826,11.8266
2099-03-16,2099,3,16,50.9608006310702,7.5,"Bonn","AWI-CM-1-1-MR","ssp126",0.6815,19.1817
2099-04-16,2099,4,16,50.9608006310702,7.5,"Bonn","AWI-CM-1-1-MR","ssp126",0.1891,23.036
2099-05-16,2099,5,16,50.9608006310702,7.5,"Bonn","AWI-CM-1-1-MR","ssp126",4.5523,20.242
2099-06-16,2099,6,16,50.9608006310702,7.5,"Bonn","AWI-CM-1-1-MR","ssp126",3.4951,27.2358
2099-07-16,2099,7,16,50.9608006310702,7.5,"Bonn","AWI-CM-1-1-MR","ssp126",11.1289,31.7894
2099-08-16,2099,8,16,50.9608006310702,7.5,"Bonn","AWI-CM-1-1-MR","ssp126",12.5968,29.0136
2099-09-16,2099,9,16,50.9608006310702,7.5,"Bonn","AWI-CM-1-1-MR","ssp126",8.796,25.5951
2099-10-16,2099,10,16,50.9608006310702,7.5,"Bonn","AWI-CM-1-1-MR","ssp126",-0.0591,23.8227
2099-11-16,2099,11,16,50.9608006310702,7.5,"Bonn","AWI-CM-1-1-MR","ssp126",-1.5206,13.2647
2099-12-16,2099,12,16,50.9608006310702,7.5,"Bonn","AWI-CM-1-1-MR","ssp126",-2.8364,14.5042
2100-01-16,2100,1,16,50.9608006310702,7.5,"Bonn","AWI-CM-1-1-MR","ssp126",-6.4423,12.5186
2100-02-15,2100,2,15,50.9608006310702,7.5,"Bonn","AWI-CM-1-1-MR","ssp126",-5.2787,11.1214
2100-03-16,2100,3,16,50.9608006310702,7.5,"Bonn","AWI-CM-1-1-MR","ssp126",-1.8047,13.982
2100-04-16,2100,4,16,50.9608006310702,7.5,"Bonn","AWI-CM-1-1-MR","ssp126",-2.96,17.8829
2100-05-16,2100,5,16,50.9608006310702,7.5,"Bonn","AWI-CM-1-1-MR","ssp126",1.4997,20.0215
2100-06-16,2100,6,16,50.9608006310702,7.5,"Bonn","AWI-CM-1-1-MR","ssp126",6.9424,24.6602
2100-07-16,2100,7,16,50.9608006310702,7.5,"Bonn","AWI-CM-1-1-MR","ssp126",10.1857,25.5154
2100-08-16,2100,8,16,50.9608006310702,7.5,"Bonn","AWI-CM-1-1-MR","ssp126",10.8169,27.56
2100-09-16,2100,9,16,50.9608006310702,7.5,"Bonn","AWI-CM-1-1-MR","ssp126",6.9233,24.8283
2100-10-16,2100,10,16,50.9608006310702,7.5,"Bonn","AWI-CM-1-1-MR","ssp126",-0.1281,16.8945
2100-11-16,2100,11,16,50.9608006310702,7.5,"Bonn","AWI-CM-1-1-MR","ssp126",0.812,13.9501
2100-12-16,2100,12,16,50.9608006310702,7.5,"Bonn","AWI-CM-1-1-MR","ssp126",-4.2087,12.4235
